"index","contract_id","contract_date"
"0","1","2021-04-25T00:00:00.000"
"1","2","2021-05-11T00:00:00.000"
"2","3","2021-12-29T00:00:00.000"
"3","4","2022-03-24T00:00:00.000"
"4","5","2021-09-16T00:00:00.000"
"5","6","2021-11-05T00:00:00.000"
"6","7","2021-09-08T00:00:00.000"
"7","8","2022-02-17T00:00:00.000"
"8","9","2021-09-23T00:00:00.000"
"9","10","2022-01-21T00:00:00.000"
"10","11","2022-04-01T00:00:00.000"
"11","12","2021-09-17T00:00:00.000"
"12","13","2022-01-02T00:00:00.000"
"13","14","2021-06-03T00:00:00.000"
"14","15","2021-06-15T00:00:00.000"
"15","16","2022-01-24T00:00:00.000"
"16","17","2021-12-15T00:00:00.000"
"17","18","2021-08-17T00:00:00.000"
"18","19","2021-05-25T00:00:00.000"
"19","20","2021-12-05T00:00:00.000"
"20","21","2021-11-08T00:00:00.000"
"21","22","2022-01-08T00:00:00.000"
"22","23","2021-05-24T00:00:00.000"
"23","24","2022-03-15T00:00:00.000"
"24","25","2022-04-12T00:00:00.000"
"25","26","2021-12-10T00:00:00.000"
"26","27","2022-03-14T00:00:00.000"
"27","28","2021-11-13T00:00:00.000"
"28","29","2021-06-02T00:00:00.000"
"29","30","2021-09-18T00:00:00.000"
"30","31","2021-05-18T00:00:00.000"
"31","32","2021-07-17T00:00:00.000"
"32","33","2021-11-11T00:00:00.000"
"33","34","2022-01-27T00:00:00.000"
"34","35","2021-04-25T00:00:00.000"
"35","36","2021-12-04T00:00:00.000"
"36","37","2021-09-04T00:00:00.000"
"37","38","2021-10-26T00:00:00.000"
"38","39","2022-01-01T00:00:00.000"
"39","40","2021-09-13T00:00:00.000"
"40","41","2022-02-12T00:00:00.000"
"41","42","2021-05-05T00:00:00.000"
"42","43","2021-11-23T00:00:00.000"
"43","44","2021-10-07T00:00:00.000"
"44","45","2021-05-27T00:00:00.000"
"45","46","2021-11-15T00:00:00.000"
"46","47","2021-11-05T00:00:00.000"
"47","48","2021-09-20T00:00:00.000"
"48","49","2021-08-31T00:00:00.000"
"49","50","2021-06-20T00:00:00.000"
"50","51","2022-02-01T00:00:00.000"
"51","52","2021-06-07T00:00:00.000"
"52","53","2021-08-25T00:00:00.000"
"53","54","2022-01-07T00:00:00.000"
"54","55","2021-10-17T00:00:00.000"
"55","56","2021-12-26T00:00:00.000"
"56","57","2021-12-29T00:00:00.000"
"57","58","2022-02-15T00:00:00.000"
"58","59","2022-02-16T00:00:00.000"
"59","60","2021-10-21T00:00:00.000"
"60","61","2021-11-15T00:00:00.000"
"61","62","2021-10-11T00:00:00.000"
"62","63","2021-06-02T00:00:00.000"
"63","64","2022-01-01T00:00:00.000"
"64","65","2022-02-11T00:00:00.000"
"65","66","2021-06-06T00:00:00.000"
"66","67","2021-05-03T00:00:00.000"
"67","68","2021-10-23T00:00:00.000"
"68","69","2022-02-04T00:00:00.000"
"69","70","2021-11-11T00:00:00.000"
"70","71","2021-08-10T00:00:00.000"
"71","72","2021-04-21T00:00:00.000"
"72","73","2021-08-21T00:00:00.000"
"73","74","2021-07-10T00:00:00.000"
"74","75","2021-06-12T00:00:00.000"
"75","76","2021-06-19T00:00:00.000"
"76","77","2021-12-29T00:00:00.000"
"77","78","2021-12-29T00:00:00.000"
"78","79","2021-08-21T00:00:00.000"
"79","80","2021-08-19T00:00:00.000"
"80","81","2022-01-03T00:00:00.000"
"81","82","2021-08-01T00:00:00.000"
"82","83","2021-09-12T00:00:00.000"
"83","84","2021-09-20T00:00:00.000"
"84","85","2021-11-17T00:00:00.000"
"85","86","2021-10-24T00:00:00.000"
"86","87","2021-10-24T00:00:00.000"
"87","88","2021-06-05T00:00:00.000"
"88","89","2021-09-09T00:00:00.000"
"89","90","2021-06-30T00:00:00.000"
"90","91","2021-05-14T00:00:00.000"
"91","92","2022-03-12T00:00:00.000"
"92","93","2022-03-13T00:00:00.000"
"93","94","2021-11-06T00:00:00.000"
"94","95","2021-08-18T00:00:00.000"
"95","96","2021-10-15T00:00:00.000"
"96","97","2021-06-22T00:00:00.000"
"97","98","2022-04-02T00:00:00.000"
"98","99","2021-04-30T00:00:00.000"
"99","100","2022-01-28T00:00:00.000"
"100","101","2021-12-11T00:00:00.000"
"101","102","2021-12-30T00:00:00.000"
"102","103","2021-08-12T00:00:00.000"
"103","104","2021-08-17T00:00:00.000"
"104","105","2022-04-06T00:00:00.000"
"105","106","2022-03-29T00:00:00.000"
"106","107","2021-05-20T00:00:00.000"
"107","108","2021-05-09T00:00:00.000"
"108","109","2021-08-24T00:00:00.000"
"109","110","2021-08-13T00:00:00.000"
"110","111","2022-01-31T00:00:00.000"
"111","112","2021-11-03T00:00:00.000"
"112","113","2021-06-02T00:00:00.000"
"113","114","2021-06-15T00:00:00.000"
"114","115","2021-09-12T00:00:00.000"
"115","116","2021-10-14T00:00:00.000"
"116","117","2021-08-25T00:00:00.000"
"117","118","2022-03-06T00:00:00.000"
"118","119","2021-07-27T00:00:00.000"
"119","120","2021-10-15T00:00:00.000"
"120","121","2021-04-29T00:00:00.000"
"121","122","2021-07-10T00:00:00.000"
"122","123","2021-05-11T00:00:00.000"
"123","124","2022-01-19T00:00:00.000"
"124","125","2021-05-26T00:00:00.000"
"125","126","2022-01-16T00:00:00.000"
"126","127","2022-01-12T00:00:00.000"
"127","128","2021-11-27T00:00:00.000"
"128","129","2021-12-25T00:00:00.000"
"129","130","2022-03-24T00:00:00.000"
"130","131","2022-02-06T00:00:00.000"
"131","132","2021-11-22T00:00:00.000"
"132","133","2021-08-22T00:00:00.000"
"133","134","2021-11-22T00:00:00.000"
"134","135","2021-05-10T00:00:00.000"
"135","136","2021-06-07T00:00:00.000"
"136","137","2021-12-14T00:00:00.000"
"137","138","2021-05-05T00:00:00.000"
"138","139","2021-11-27T00:00:00.000"
"139","140","2021-09-05T00:00:00.000"
"140","141","2021-06-21T00:00:00.000"
"141","142","2021-08-24T00:00:00.000"
"142","143","2021-06-11T00:00:00.000"
"143","144","2022-04-14T00:00:00.000"
"144","145","2021-08-25T00:00:00.000"
"145","146","2022-04-14T00:00:00.000"
"146","147","2021-11-23T00:00:00.000"
"147","148","2021-06-05T00:00:00.000"
"148","149","2021-08-30T00:00:00.000"
"149","150","2022-04-03T00:00:00.000"
"150","151","2021-08-30T00:00:00.000"
"151","152","2021-09-12T00:00:00.000"
"152","153","2021-05-06T00:00:00.000"
"153","154","2022-03-24T00:00:00.000"
"154","155","2021-07-01T00:00:00.000"
"155","156","2022-01-18T00:00:00.000"
"156","157","2022-04-12T00:00:00.000"
"157","158","2021-10-16T00:00:00.000"
"158","159","2022-03-07T00:00:00.000"
"159","160","2021-05-31T00:00:00.000"
"160","161","2022-03-20T00:00:00.000"
"161","162","2021-08-01T00:00:00.000"
"162","163","2022-02-26T00:00:00.000"
"163","164","2022-02-08T00:00:00.000"
"164","165","2021-11-01T00:00:00.000"
"165","166","2021-10-16T00:00:00.000"
"166","167","2021-10-02T00:00:00.000"
"167","168","2021-10-18T00:00:00.000"
"168","169","2021-05-29T00:00:00.000"
"169","170","2022-02-10T00:00:00.000"
"170","171","2021-08-20T00:00:00.000"
"171","172","2021-08-22T00:00:00.000"
"172","173","2022-03-31T00:00:00.000"
"173","174","2021-05-09T00:00:00.000"
"174","175","2021-06-12T00:00:00.000"
"175","176","2021-12-30T00:00:00.000"
"176","177","2021-08-25T00:00:00.000"
"177","178","2021-12-28T00:00:00.000"
"178","179","2021-12-13T00:00:00.000"
"179","180","2021-06-09T00:00:00.000"
"180","181","2022-04-03T00:00:00.000"
"181","182","2021-05-29T00:00:00.000"
"182","183","2021-09-16T00:00:00.000"
"183","184","2022-01-23T00:00:00.000"
"184","185","2022-04-15T00:00:00.000"
"185","186","2021-11-27T00:00:00.000"
"186","187","2022-03-17T00:00:00.000"
"187","188","2022-03-21T00:00:00.000"
"188","189","2021-04-23T00:00:00.000"
"189","190","2021-08-24T00:00:00.000"
"190","191","2021-08-26T00:00:00.000"
"191","192","2022-03-18T00:00:00.000"
"192","193","2021-08-20T00:00:00.000"
"193","194","2021-08-24T00:00:00.000"
"194","195","2021-11-06T00:00:00.000"
"195","196","2021-04-24T00:00:00.000"
"196","197","2021-04-29T00:00:00.000"
"197","198","2021-12-13T00:00:00.000"
"198","199","2022-01-21T00:00:00.000"
"199","200","2021-06-18T00:00:00.000"
"200","201","2022-04-12T00:00:00.000"
"201","202","2022-03-08T00:00:00.000"
"202","203","2021-07-24T00:00:00.000"
"203","204","2021-11-01T00:00:00.000"
"204","205","2021-06-12T00:00:00.000"
"205","206","2021-07-25T00:00:00.000"
"206","207","2021-08-30T00:00:00.000"
"207","208","2021-10-26T00:00:00.000"
"208","209","2021-06-25T00:00:00.000"
"209","210","2022-03-09T00:00:00.000"
"210","211","2022-01-28T00:00:00.000"
"211","212","2021-09-20T00:00:00.000"
"212","213","2022-02-10T00:00:00.000"
"213","214","2021-06-24T00:00:00.000"
"214","215","2021-11-05T00:00:00.000"
"215","216","2021-04-27T00:00:00.000"
"216","217","2021-04-29T00:00:00.000"
"217","218","2021-05-29T00:00:00.000"
"218","219","2022-01-09T00:00:00.000"
"219","220","2021-10-20T00:00:00.000"
"220","221","2021-11-20T00:00:00.000"
"221","222","2021-08-26T00:00:00.000"
"222","223","2021-11-08T00:00:00.000"
"223","224","2021-05-12T00:00:00.000"
"224","225","2021-08-17T00:00:00.000"
"225","226","2021-09-23T00:00:00.000"
"226","227","2021-06-04T00:00:00.000"
"227","228","2021-08-05T00:00:00.000"
"228","229","2021-11-11T00:00:00.000"
"229","230","2021-10-10T00:00:00.000"
"230","231","2021-06-01T00:00:00.000"
"231","232","2021-07-24T00:00:00.000"
"232","233","2022-02-16T00:00:00.000"
"233","234","2021-09-27T00:00:00.000"
"234","235","2022-01-10T00:00:00.000"
"235","236","2021-11-08T00:00:00.000"
"236","237","2021-12-13T00:00:00.000"
"237","238","2021-08-29T00:00:00.000"
"238","239","2021-08-14T00:00:00.000"
"239","240","2021-08-15T00:00:00.000"
"240","241","2021-04-23T00:00:00.000"
"241","242","2022-01-03T00:00:00.000"
"242","243","2021-09-08T00:00:00.000"
"243","244","2021-05-13T00:00:00.000"
"244","245","2021-09-21T00:00:00.000"
"245","246","2021-09-20T00:00:00.000"
"246","247","2022-02-28T00:00:00.000"
"247","248","2021-06-11T00:00:00.000"
"248","249","2021-08-16T00:00:00.000"
"249","250","2021-12-26T00:00:00.000"
"250","251","2021-10-15T00:00:00.000"
"251","252","2021-05-01T00:00:00.000"
"252","253","2022-04-02T00:00:00.000"
"253","254","2022-02-11T00:00:00.000"
"254","255","2021-09-03T00:00:00.000"
"255","256","2021-10-28T00:00:00.000"
"256","257","2021-12-16T00:00:00.000"
"257","258","2021-08-13T00:00:00.000"
"258","259","2022-01-03T00:00:00.000"
"259","260","2021-04-16T00:00:00.000"
"260","261","2021-10-27T00:00:00.000"
"261","262","2022-03-06T00:00:00.000"
"262","263","2021-11-22T00:00:00.000"
"263","264","2021-08-23T00:00:00.000"
"264","265","2021-06-04T00:00:00.000"
"265","266","2021-04-18T00:00:00.000"
"266","267","2021-12-09T00:00:00.000"
"267","268","2022-01-20T00:00:00.000"
"268","269","2022-01-29T00:00:00.000"
"269","270","2021-07-05T00:00:00.000"
"270","271","2021-08-25T00:00:00.000"
"271","272","2022-04-01T00:00:00.000"
"272","273","2021-04-18T00:00:00.000"
"273","274","2021-12-21T00:00:00.000"
"274","275","2021-04-26T00:00:00.000"
"275","276","2022-01-19T00:00:00.000"
"276","277","2021-09-03T00:00:00.000"
"277","278","2021-07-29T00:00:00.000"
"278","279","2021-05-06T00:00:00.000"
"279","280","2021-12-01T00:00:00.000"
"280","281","2021-04-28T00:00:00.000"
"281","282","2021-08-10T00:00:00.000"
"282","283","2021-11-29T00:00:00.000"
"283","284","2021-06-05T00:00:00.000"
"284","285","2021-07-05T00:00:00.000"
"285","286","2021-09-04T00:00:00.000"
"286","287","2021-06-06T00:00:00.000"
"287","288","2021-09-15T00:00:00.000"
"288","289","2021-11-17T00:00:00.000"
"289","290","2021-05-30T00:00:00.000"
"290","291","2021-12-09T00:00:00.000"
"291","292","2021-08-09T00:00:00.000"
"292","293","2021-10-05T00:00:00.000"
"293","294","2021-06-27T00:00:00.000"
"294","295","2021-12-27T00:00:00.000"
"295","296","2021-08-28T00:00:00.000"
"296","297","2022-02-18T00:00:00.000"
"297","298","2022-03-30T00:00:00.000"
"298","299","2022-02-19T00:00:00.000"
"299","300","2022-01-31T00:00:00.000"
"300","301","2021-11-10T00:00:00.000"
"301","302","2022-01-12T00:00:00.000"
"302","303","2021-06-06T00:00:00.000"
"303","304","2021-10-03T00:00:00.000"
"304","305","2021-10-11T00:00:00.000"
"305","306","2021-06-18T00:00:00.000"
"306","307","2022-01-20T00:00:00.000"
"307","308","2022-01-03T00:00:00.000"
"308","309","2021-12-20T00:00:00.000"
"309","310","2021-09-02T00:00:00.000"
"310","311","2021-11-27T00:00:00.000"
"311","312","2022-03-10T00:00:00.000"
"312","313","2021-04-23T00:00:00.000"
"313","314","2022-02-08T00:00:00.000"
"314","315","2021-07-03T00:00:00.000"
"315","316","2021-05-03T00:00:00.000"
"316","317","2021-10-16T00:00:00.000"
"317","318","2022-01-02T00:00:00.000"
"318","319","2021-12-06T00:00:00.000"
"319","320","2022-03-27T00:00:00.000"
"320","321","2021-10-28T00:00:00.000"
"321","322","2022-02-04T00:00:00.000"
"322","323","2022-01-17T00:00:00.000"
"323","324","2021-10-22T00:00:00.000"
"324","325","2021-12-07T00:00:00.000"
"325","326","2021-07-28T00:00:00.000"
"326","327","2021-11-15T00:00:00.000"
"327","328","2022-02-21T00:00:00.000"
"328","329","2022-01-11T00:00:00.000"
"329","330","2021-07-16T00:00:00.000"
"330","331","2021-07-21T00:00:00.000"
"331","332","2021-10-01T00:00:00.000"
"332","333","2022-01-15T00:00:00.000"
"333","334","2021-11-07T00:00:00.000"
"334","335","2022-01-13T00:00:00.000"
"335","336","2021-09-19T00:00:00.000"
"336","337","2022-02-13T00:00:00.000"
"337","338","2021-04-19T00:00:00.000"
"338","339","2021-05-29T00:00:00.000"
"339","340","2021-05-19T00:00:00.000"
"340","341","2021-12-08T00:00:00.000"
"341","342","2021-07-08T00:00:00.000"
"342","343","2021-09-26T00:00:00.000"
"343","344","2021-09-15T00:00:00.000"
"344","345","2022-01-26T00:00:00.000"
"345","346","2021-10-21T00:00:00.000"
"346","347","2021-06-28T00:00:00.000"
"347","348","2022-01-08T00:00:00.000"
"348","349","2021-10-12T00:00:00.000"
"349","350","2022-04-06T00:00:00.000"
"350","351","2022-02-17T00:00:00.000"
"351","352","2021-06-03T00:00:00.000"
"352","353","2022-02-16T00:00:00.000"
"353","354","2021-09-28T00:00:00.000"
"354","355","2022-04-08T00:00:00.000"
"355","356","2021-05-05T00:00:00.000"
"356","357","2021-07-04T00:00:00.000"
"357","358","2021-11-24T00:00:00.000"
"358","359","2021-08-14T00:00:00.000"
"359","360","2022-01-01T00:00:00.000"
"360","361","2021-12-22T00:00:00.000"
"361","362","2021-10-06T00:00:00.000"
"362","363","2022-01-31T00:00:00.000"
"363","364","2021-05-20T00:00:00.000"
"364","365","2022-02-07T00:00:00.000"
"365","366","2021-11-27T00:00:00.000"
"366","367","2021-07-11T00:00:00.000"
"367","368","2021-09-28T00:00:00.000"
"368","369","2022-04-03T00:00:00.000"
"369","370","2021-12-23T00:00:00.000"
"370","371","2022-04-03T00:00:00.000"
"371","372","2022-02-23T00:00:00.000"
"372","373","2022-02-14T00:00:00.000"
"373","374","2021-12-04T00:00:00.000"
"374","375","2021-05-25T00:00:00.000"
"375","376","2021-08-04T00:00:00.000"
"376","377","2021-05-01T00:00:00.000"
"377","378","2021-10-19T00:00:00.000"
"378","379","2022-03-07T00:00:00.000"
"379","380","2022-03-03T00:00:00.000"
"380","381","2021-10-04T00:00:00.000"
"381","382","2021-07-12T00:00:00.000"
"382","383","2022-03-07T00:00:00.000"
"383","384","2022-01-07T00:00:00.000"
"384","385","2021-05-05T00:00:00.000"
"385","386","2022-02-13T00:00:00.000"
"386","387","2021-09-28T00:00:00.000"
"387","388","2022-03-28T00:00:00.000"
"388","389","2021-04-28T00:00:00.000"
"389","390","2021-08-02T00:00:00.000"
"390","391","2021-10-06T00:00:00.000"
"391","392","2022-03-08T00:00:00.000"
"392","393","2021-08-23T00:00:00.000"
"393","394","2021-10-29T00:00:00.000"
"394","395","2021-11-07T00:00:00.000"
"395","396","2021-12-07T00:00:00.000"
"396","397","2021-06-09T00:00:00.000"
"397","398","2021-10-27T00:00:00.000"
"398","399","2022-03-14T00:00:00.000"
"399","400","2021-04-17T00:00:00.000"
"400","401","2022-02-24T00:00:00.000"
"401","402","2021-07-17T00:00:00.000"
"402","403","2021-10-15T00:00:00.000"
"403","404","2021-12-15T00:00:00.000"
"404","405","2022-01-27T00:00:00.000"
"405","406","2021-07-14T00:00:00.000"
"406","407","2021-06-02T00:00:00.000"
"407","408","2021-08-07T00:00:00.000"
"408","409","2022-01-13T00:00:00.000"
"409","410","2022-02-23T00:00:00.000"
"410","411","2021-05-14T00:00:00.000"
"411","412","2022-04-02T00:00:00.000"
"412","413","2021-12-18T00:00:00.000"
"413","414","2021-07-21T00:00:00.000"
"414","415","2021-08-21T00:00:00.000"
"415","416","2021-11-21T00:00:00.000"
"416","417","2021-11-07T00:00:00.000"
"417","418","2022-03-27T00:00:00.000"
"418","419","2022-03-20T00:00:00.000"
"419","420","2021-11-27T00:00:00.000"
"420","421","2021-05-26T00:00:00.000"
"421","422","2021-12-19T00:00:00.000"
"422","423","2022-04-07T00:00:00.000"
"423","424","2021-08-20T00:00:00.000"
"424","425","2021-08-03T00:00:00.000"
"425","426","2022-03-14T00:00:00.000"
"426","427","2021-10-01T00:00:00.000"
"427","428","2021-12-03T00:00:00.000"
"428","429","2021-10-20T00:00:00.000"
"429","430","2021-06-18T00:00:00.000"
"430","431","2021-05-15T00:00:00.000"
"431","432","2021-07-28T00:00:00.000"
"432","433","2021-04-19T00:00:00.000"
"433","434","2021-12-22T00:00:00.000"
"434","435","2021-04-26T00:00:00.000"
"435","436","2021-10-11T00:00:00.000"
"436","437","2021-05-11T00:00:00.000"
"437","438","2021-09-15T00:00:00.000"
"438","439","2021-09-26T00:00:00.000"
"439","440","2021-09-04T00:00:00.000"
"440","441","2021-06-22T00:00:00.000"
"441","442","2021-09-22T00:00:00.000"
"442","443","2021-08-20T00:00:00.000"
"443","444","2021-09-08T00:00:00.000"
"444","445","2021-07-27T00:00:00.000"
"445","446","2021-05-21T00:00:00.000"
"446","447","2021-11-03T00:00:00.000"
"447","448","2021-06-20T00:00:00.000"
"448","449","2022-02-21T00:00:00.000"
"449","450","2021-09-25T00:00:00.000"
"450","451","2021-06-21T00:00:00.000"
"451","452","2021-10-03T00:00:00.000"
"452","453","2021-06-21T00:00:00.000"
"453","454","2021-05-25T00:00:00.000"
"454","455","2021-06-03T00:00:00.000"
"455","456","2021-07-27T00:00:00.000"
"456","457","2021-07-04T00:00:00.000"
"457","458","2021-04-23T00:00:00.000"
"458","459","2022-03-06T00:00:00.000"
"459","460","2021-09-06T00:00:00.000"
"460","461","2021-11-06T00:00:00.000"
"461","462","2021-06-23T00:00:00.000"
"462","463","2022-03-24T00:00:00.000"
"463","464","2022-02-18T00:00:00.000"
"464","465","2021-11-13T00:00:00.000"
"465","466","2021-09-19T00:00:00.000"
"466","467","2021-07-13T00:00:00.000"
"467","468","2022-03-28T00:00:00.000"
"468","469","2021-05-25T00:00:00.000"
"469","470","2021-07-04T00:00:00.000"
"470","471","2021-08-08T00:00:00.000"
"471","472","2021-09-19T00:00:00.000"
"472","473","2021-09-25T00:00:00.000"
"473","474","2021-07-03T00:00:00.000"
"474","475","2022-04-14T00:00:00.000"
"475","476","2022-04-07T00:00:00.000"
"476","477","2021-05-20T00:00:00.000"
"477","478","2022-01-29T00:00:00.000"
"478","479","2021-05-05T00:00:00.000"
"479","480","2021-06-08T00:00:00.000"
"480","481","2021-04-28T00:00:00.000"
"481","482","2021-12-11T00:00:00.000"
"482","483","2022-03-06T00:00:00.000"
"483","484","2021-10-07T00:00:00.000"
"484","485","2022-01-03T00:00:00.000"
"485","486","2021-08-22T00:00:00.000"
"486","487","2021-11-17T00:00:00.000"
"487","488","2021-10-08T00:00:00.000"
"488","489","2022-04-10T00:00:00.000"
"489","490","2021-07-05T00:00:00.000"
"490","491","2021-07-02T00:00:00.000"
"491","492","2021-12-28T00:00:00.000"
"492","493","2021-12-18T00:00:00.000"
"493","494","2021-10-28T00:00:00.000"
"494","495","2021-06-27T00:00:00.000"
"495","496","2021-11-01T00:00:00.000"
"496","497","2022-04-07T00:00:00.000"
"497","498","2021-10-23T00:00:00.000"
"498","499","2021-09-13T00:00:00.000"
"499","500","2021-08-17T00:00:00.000"