"index","repayment_id","loan_id","repayment_date","repayment_amount","repayment_channel"
"0","1","357","2022-10-16T00:00:00.000","1675.83","bank account"
"1","2","805","2023-01-12T00:00:00.000","867.22","debit card"
"2","3","843","2022-06-02T00:00:00.000","718.83","phone"
"3","4","243","2022-12-26T00:00:00.000","1620.97","credit card"
"4","5","991","2023-03-18T00:00:00.000","2182.17","phone"
"5","6","130","2023-01-31T00:00:00.000","772.19","-"
"6","7","903","2022-05-23T00:00:00.000","1340.22","bank account"
"7","8","157","2022-10-11T00:00:00.000","1381.22","credit card"
"8","9","121","2022-06-21T00:00:00.000","1941.47","credit card"
"9","10","120","2023-03-31T00:00:00.000","410.42","-"
"10","11","408","2023-02-28T00:00:00.000","1614.64","bank account"
"11","12","483","2022-11-28T00:00:00.000","1507","bank account"
"12","13","584","2022-05-16T00:00:00.000","4453.64","mail"
"13","14","675","2022-11-25T00:00:00.000","2082.17","mail"
"14","15","845","2022-12-28T00:00:00.000","2406.58","credit card"
"15","16","503","2022-09-16T00:00:00.000","526.86","debit card"
"16","17","947","2022-11-18T00:00:00.000","4048.75","phone"
"17","18","189","2022-09-28T00:00:00.000","1397.17","debit card"
"18","19","654","2022-04-24T00:00:00.000","281.08","-"
"19","20","323","2023-02-15T00:00:00.000","320.19","debit card"
"20","21","987","2022-10-06T00:00:00.000","2887.94","phone"
"21","22","593","2022-07-05T00:00:00.000","2854.22","debit card"
"22","23","692","2023-03-12T00:00:00.000","4188.78","debit card"
"23","24","771","2022-10-20T00:00:00.000","966.94","-"
"24","25","728","2023-02-26T00:00:00.000","1625.78","phone"
"25","26","96","2022-11-08T00:00:00.000","3118.83","bank account"
"26","27","7","2023-03-22T00:00:00.000","358.89","-"
"27","28","568","2022-12-28T00:00:00.000","2805.58","phone"
"28","29","25","2023-03-28T00:00:00.000","1477.14","debit card"
"29","30","138","2023-01-01T00:00:00.000","292.97","mail"
"30","31","560","2022-10-06T00:00:00.000","614.58","-"
"31","32","264","2022-09-02T00:00:00.000","579.44","phone"
"32","33","649","2023-04-09T00:00:00.000","323.17","bank account"
"33","34","591","2022-12-24T00:00:00.000","439.94","debit card"
"34","35","616","2023-04-09T00:00:00.000","322.64","mail"
"35","36","97","2023-01-06T00:00:00.000","2194.36","debit card"
"36","37","853","2023-03-22T00:00:00.000","983.83","mail"
"37","38","732","2022-06-14T00:00:00.000","2652.42","phone"
"38","39","144","2022-06-21T00:00:00.000","1761","debit card"
"39","40","935","2023-02-22T00:00:00.000","304.5","mail"
"40","41","176","2023-03-07T00:00:00.000","832.69","mail"
"41","42","420","2022-08-05T00:00:00.000","2513.61","debit card"
"42","43","352","2022-12-12T00:00:00.000","2128.75","debit card"
"43","44","141","2022-08-02T00:00:00.000","938.17","debit card"
"44","45","89","2022-07-24T00:00:00.000","1698.19","phone"
"45","46","253","2022-11-15T00:00:00.000","452.44","-"
"46","47","661","2022-07-17T00:00:00.000","1022.56","debit card"
"47","48","476","2022-06-03T00:00:00.000","1954.97","debit card"
"48","49","817","2022-12-07T00:00:00.000","310.75","phone"
"49","50","643","2022-08-22T00:00:00.000","929.86","credit card"
"50","51","928","2023-03-19T00:00:00.000","1813.86","bank account"
"51","52","147","2022-09-12T00:00:00.000","3208.22","debit card"
"52","53","803","2022-07-21T00:00:00.000","1403.42","phone"
"53","54","271","2022-04-17T00:00:00.000","2146.72","bank account"
"54","55","666","2023-03-09T00:00:00.000","340.47","bank account"
"55","56","958","2022-11-02T00:00:00.000","812.33","credit card"
"56","57","570","2022-09-25T00:00:00.000","315.44","credit card"
"57","58","973","2023-04-14T00:00:00.000","1029.17","debit card"
"58","59","625","2022-08-26T00:00:00.000","520.42","mail"
"59","60","798","2022-07-30T00:00:00.000","4314.08","bank account"
"60","61","18","2022-09-19T00:00:00.000","320.56","debit card"
"61","62","164","2022-05-11T00:00:00.000","682.64","bank account"
"62","63","373","2022-07-26T00:00:00.000","1995.03","bank account"
"63","64","553","2022-10-12T00:00:00.000","2513.42","mail"
"64","65","80","2022-12-08T00:00:00.000","593.31","credit card"
"65","66","685","2022-09-07T00:00:00.000","815.67","phone"
"66","67","360","2023-01-17T00:00:00.000","818.03","credit card"
"67","68","988","2022-12-25T00:00:00.000","1363.44","mail"
"68","69","415","2022-12-09T00:00:00.000","5161.56","debit card"
"69","70","972","2023-01-20T00:00:00.000","770.89","debit card"
"70","71","109","2022-08-08T00:00:00.000","2482.47","phone"
"71","72","204","2022-08-10T00:00:00.000","4784.25","mail"
"72","73","659","2023-02-21T00:00:00.000","2254.28","mail"
"73","74","996","2023-02-17T00:00:00.000","2515.83","credit card"
"74","75","292","2022-10-09T00:00:00.000","2245.58","phone"
"75","76","466","2022-07-17T00:00:00.000","299.31","bank account"
"76","77","489","2022-07-29T00:00:00.000","2313.69","phone"
"77","78","956","2022-08-24T00:00:00.000","2024.86","debit card"
"78","79","816","2022-12-02T00:00:00.000","2397.81","credit card"
"79","80","602","2022-05-05T00:00:00.000","3086.47","mail"
"80","81","177","2022-06-05T00:00:00.000","1711.72","bank account"
"81","82","304","2022-09-28T00:00:00.000","760.83","credit card"
"82","83","544","2022-09-06T00:00:00.000","419.89","debit card"
"83","84","926","2022-06-24T00:00:00.000","1042.92","mail"
"84","85","557","2023-01-02T00:00:00.000","2331.67","credit card"
"85","86","985","2022-06-21T00:00:00.000","2345.47","mail"
"86","87","990","2023-03-27T00:00:00.000","2204.56","debit card"
"87","88","801","2022-06-14T00:00:00.000","523.06","mail"
"88","89","399","2022-08-25T00:00:00.000","1190.58","credit card"
"89","90","671","2023-01-07T00:00:00.000","1076","debit card"
"90","91","480","2022-11-16T00:00:00.000","383.17","-"
"91","92","915","2023-04-06T00:00:00.000","950.53","-"
"92","93","504","2022-10-29T00:00:00.000","1076.75","credit card"
"93","94","383","2022-11-25T00:00:00.000","726.56","-"
"94","95","33","2022-07-18T00:00:00.000","1037.11","bank account"
"95","96","864","2022-11-29T00:00:00.000","3115.94","debit card"
"96","97","23","2022-12-21T00:00:00.000","3098.97","bank account"
"97","98","188","2022-05-11T00:00:00.000","732.75","debit card"
"98","99","791","2022-11-01T00:00:00.000","1403.19","credit card"
"99","100","875","2022-06-18T00:00:00.000","4770.33","-"
"100","101","73","2023-03-04T00:00:00.000","2213.33","phone"
"101","102","160","2022-09-15T00:00:00.000","1889.97","credit card"
"102","103","969","2023-03-18T00:00:00.000","436.06","mail"
"103","104","797","2023-02-23T00:00:00.000","727.25","debit card"
"104","105","293","2022-08-18T00:00:00.000","3522.53","phone"
"105","106","766","2022-10-02T00:00:00.000","524.31","phone"
"106","107","289","2023-03-13T00:00:00.000","1942.81","phone"
"107","108","84","2022-10-23T00:00:00.000","1086.67","credit card"
"108","109","267","2023-04-06T00:00:00.000","1713.72","phone"
"109","110","198","2022-05-22T00:00:00.000","335.69","debit card"
"110","111","410","2022-06-20T00:00:00.000","711.44","mail"
"111","112","807","2022-12-03T00:00:00.000","665.31","bank account"
"112","113","825","2022-04-20T00:00:00.000","682.86","-"
"113","114","229","2023-01-12T00:00:00.000","3570.47","phone"
"114","115","56","2022-11-01T00:00:00.000","1438.44","phone"
"115","116","559","2022-12-21T00:00:00.000","655.36","mail"
"116","117","550","2022-09-04T00:00:00.000","381.92","phone"
"117","118","392","2022-07-07T00:00:00.000","1961.22","phone"
"118","119","361","2022-08-21T00:00:00.000","1622.56","debit card"
"119","120","16","2022-05-10T00:00:00.000","1515.83","debit card"
"120","121","461","2022-06-01T00:00:00.000","1152.53","phone"
"121","122","810","2023-04-13T00:00:00.000","1397.5","phone"
"122","123","604","2023-04-04T00:00:00.000","695.58","mail"
"123","124","362","2022-11-27T00:00:00.000","616.56","phone"
"124","125","368","2022-11-23T00:00:00.000","1334.03","phone"
"125","126","221","2022-11-15T00:00:00.000","1904.89","credit card"
"126","127","60","2022-12-02T00:00:00.000","1040.03","debit card"
"127","128","59","2022-09-30T00:00:00.000","380.19","bank account"
"128","129","273","2023-03-08T00:00:00.000","1016.72","mail"
"129","130","42","2022-12-17T00:00:00.000","399.17","-"
"130","131","586","2022-11-09T00:00:00.000","303.42","-"
"131","132","723","2022-10-30T00:00:00.000","289.31","bank account"
"132","133","213","2023-01-28T00:00:00.000","1975.64","credit card"
"133","134","599","2022-12-26T00:00:00.000","603.81","debit card"
"134","135","460","2022-11-27T00:00:00.000","283.61","bank account"
"135","136","9","2022-05-04T00:00:00.000","1643.75","bank account"
"136","137","394","2022-10-16T00:00:00.000","363.69","bank account"
"137","138","670","2022-05-22T00:00:00.000","1916.17","debit card"
"138","139","764","2022-11-02T00:00:00.000","356.42","debit card"
"139","140","618","2023-01-17T00:00:00.000","3304.17","credit card"
"140","141","769","2022-10-13T00:00:00.000","2407.17","mail"
"141","142","370","2022-06-03T00:00:00.000","1905.64","bank account"
"142","143","804","2023-04-15T00:00:00.000","1048.69","bank account"
"143","144","868","2023-03-12T00:00:00.000","670.67","phone"
"144","145","554","2023-02-05T00:00:00.000","3253.72","bank account"
"145","146","989","2022-05-16T00:00:00.000","1351.97","mail"
"146","147","885","2023-04-06T00:00:00.000","387.64","-"
"147","148","380","2023-02-02T00:00:00.000","370.83","phone"
"148","149","447","2022-11-04T00:00:00.000","900.94","credit card"
"149","150","115","2023-03-01T00:00:00.000","344.53","credit card"
"150","151","835","2022-08-09T00:00:00.000","2560.75","bank account"
"151","152","457","2022-08-01T00:00:00.000","473.58","credit card"
"152","153","344","2023-02-26T00:00:00.000","2127.89","mail"
"153","154","333","2022-12-12T00:00:00.000","4640.03","phone"
"154","155","607","2023-04-08T00:00:00.000","3972","credit card"
"155","156","920","2023-02-08T00:00:00.000","1609.33","debit card"
"156","157","941","2022-04-29T00:00:00.000","319.25","credit card"
"157","158","28","2022-12-25T00:00:00.000","465.5","bank account"
"158","159","284","2023-03-08T00:00:00.000","4632","debit card"
"159","160","918","2022-10-09T00:00:00.000","1625.64","debit card"
"160","161","435","2022-07-11T00:00:00.000","910.08","debit card"
"161","162","150","2022-06-05T00:00:00.000","3289.92","debit card"
"162","163","748","2022-12-05T00:00:00.000","1288.31","debit card"
"163","164","874","2023-01-01T00:00:00.000","3450.11","mail"
"164","165","61","2022-06-18T00:00:00.000","738.42","phone"
"165","166","275","2022-11-30T00:00:00.000","2238.67","phone"
"166","167","265","2022-05-01T00:00:00.000","1527.56","credit card"
"167","168","857","2022-11-12T00:00:00.000","1544.47","mail"
"168","169","704","2022-04-20T00:00:00.000","899.5","debit card"
"169","170","458","2022-12-08T00:00:00.000","659.11","mail"
"170","171","727","2022-10-02T00:00:00.000","509.31","-"
"171","172","776","2022-11-17T00:00:00.000","801.47","mail"
"172","173","761","2022-11-01T00:00:00.000","3404.75","phone"
"173","174","487","2022-06-29T00:00:00.000","961.47","phone"
"174","175","346","2022-06-23T00:00:00.000","3293.17","debit card"
"175","176","549","2022-12-26T00:00:00.000","1198.28","mail"
"176","177","50","2023-02-11T00:00:00.000","462.72","credit card"
"177","178","294","2022-06-21T00:00:00.000","282.31","credit card"
"178","179","148","2023-01-18T00:00:00.000","3133.03","bank account"
"179","180","930","2022-07-27T00:00:00.000","568.22","-"
"180","181","820","2022-08-13T00:00:00.000","2595.17","bank account"
"181","182","942","2022-04-16T00:00:00.000","2041.64","debit card"
"182","183","156","2023-03-26T00:00:00.000","1190.39","phone"
"183","184","619","2022-05-23T00:00:00.000","718.97","credit card"
"184","185","538","2023-02-26T00:00:00.000","1415.08","mail"
"185","186","872","2023-03-11T00:00:00.000","293.17","-"
"186","187","834","2023-03-07T00:00:00.000","4620.75","mail"
"187","188","531","2022-11-16T00:00:00.000","401.97","bank account"
"188","189","159","2023-02-11T00:00:00.000","568.17","credit card"
"189","190","306","2023-03-30T00:00:00.000","376.58","mail"
"190","191","620","2022-05-09T00:00:00.000","1224.44","phone"
"191","192","515","2023-03-04T00:00:00.000","4710.39","mail"
"192","193","83","2023-01-01T00:00:00.000","344.72","-"
"193","194","378","2023-03-23T00:00:00.000","948.64","phone"
"194","195","3","2022-06-18T00:00:00.000","377.64","credit card"
"195","196","381","2022-09-20T00:00:00.000","1560.89","mail"
"196","197","431","2022-06-29T00:00:00.000","3901.78","debit card"
"197","198","254","2022-12-29T00:00:00.000","2117.67","credit card"
"198","199","970","2022-08-05T00:00:00.000","2370.92","phone"
"199","200","725","2023-01-16T00:00:00.000","3573.81","credit card"
"200","201","94","2022-10-15T00:00:00.000","658.31","-"
"201","202","755","2022-04-25T00:00:00.000","2177.47","credit card"
"202","203","708","2022-12-25T00:00:00.000","1496.81","debit card"
"203","204","240","2022-05-18T00:00:00.000","363.19","-"
"204","205","172","2023-03-19T00:00:00.000","2118.89","credit card"
"205","206","450","2023-01-09T00:00:00.000","1369.64","bank account"
"206","207","823","2022-11-22T00:00:00.000","329.78","-"
"207","208","697","2022-11-01T00:00:00.000","1200.44","debit card"
"208","209","768","2022-05-17T00:00:00.000","1494.53","mail"
"209","210","754","2023-01-21T00:00:00.000","574.47","mail"
"210","211","717","2023-02-11T00:00:00.000","2824.03","bank account"
"211","212","933","2022-06-06T00:00:00.000","2658.11","bank account"
"212","213","128","2022-05-07T00:00:00.000","404.14","-"
"213","214","479","2023-01-22T00:00:00.000","589.39","phone"
"214","215","505","2022-09-07T00:00:00.000","2205.19","mail"
"215","216","453","2022-09-24T00:00:00.000","4685.14","credit card"
"216","217","968","2023-01-07T00:00:00.000","579.61","debit card"
"217","218","51","2022-12-10T00:00:00.000","2196.25","bank account"
"218","219","47","2022-08-20T00:00:00.000","1596.81","mail"
"219","220","347","2023-01-19T00:00:00.000","320.69","debit card"
"220","221","715","2023-01-28T00:00:00.000","2712.72","mail"
"221","222","251","2022-06-27T00:00:00.000","1797.56","phone"
"222","223","181","2022-09-21T00:00:00.000","1405.94","credit card"
"223","224","19","2022-07-25T00:00:00.000","2648.69","mail"
"224","225","165","2023-02-19T00:00:00.000","2946.94","credit card"
"225","226","215","2022-11-18T00:00:00.000","833.22","-"
"226","227","123","2022-08-15T00:00:00.000","2326.03","credit card"
"227","228","463","2022-10-11T00:00:00.000","3292.5","credit card"
"228","229","757","2022-10-29T00:00:00.000","409.22","mail"
"229","230","133","2023-03-22T00:00:00.000","1701.83","credit card"
"230","231","149","2023-02-18T00:00:00.000","738.56","-"
"231","232","529","2022-11-18T00:00:00.000","3338.33","debit card"
"232","233","486","2022-11-24T00:00:00.000","2567.72","phone"
"233","234","645","2022-10-04T00:00:00.000","420.25","-"
"234","235","759","2022-10-09T00:00:00.000","605.58","bank account"
"235","236","516","2022-11-25T00:00:00.000","284.08","mail"
"236","237","821","2022-07-17T00:00:00.000","1648.86","debit card"
"237","238","107","2023-02-14T00:00:00.000","1434.19","credit card"
"238","239","472","2023-02-25T00:00:00.000","966.47","phone"
"239","240","456","2022-10-26T00:00:00.000","453.83","bank account"
"240","241","682","2022-06-21T00:00:00.000","1573.64","credit card"
"241","242","815","2022-08-15T00:00:00.000","329.92","phone"
"242","243","995","2023-01-26T00:00:00.000","1792.58","phone"
"243","244","513","2023-03-10T00:00:00.000","1573.81","credit card"
"244","245","838","2022-08-15T00:00:00.000","2313.22","credit card"
"245","246","345","2022-12-28T00:00:00.000","2126.36","debit card"
"246","247","778","2022-09-26T00:00:00.000","480.33","-"
"247","248","38","2022-05-22T00:00:00.000","1872.17","phone"
"248","249","724","2022-07-05T00:00:00.000","1175.25","bank account"
"249","250","216","2022-05-13T00:00:00.000","279.25","debit card"
"250","251","129","2022-09-26T00:00:00.000","1160.83","mail"
"251","252","137","2023-04-10T00:00:00.000","502.14","bank account"
"252","253","668","2023-02-03T00:00:00.000","3325.47","credit card"
"253","254","547","2023-01-04T00:00:00.000","3991.42","debit card"
"254","255","122","2022-06-20T00:00:00.000","686.56","-"
"255","256","63","2022-05-05T00:00:00.000","2322.78","mail"
"256","257","828","2023-03-11T00:00:00.000","3695.81","debit card"
"257","258","246","2022-07-22T00:00:00.000","2476.83","credit card"
"258","259","895","2023-01-13T00:00:00.000","352.22","phone"
"259","260","876","2022-06-07T00:00:00.000","1049.11","debit card"
"260","261","296","2022-06-07T00:00:00.000","1290.42","mail"
"261","262","610","2022-04-23T00:00:00.000","1993.56","debit card"
"262","263","811","2022-06-09T00:00:00.000","280.69","-"
"263","264","894","2022-05-11T00:00:00.000","3415.72","debit card"
"264","265","372","2022-11-15T00:00:00.000","433.39","debit card"
"265","266","695","2022-11-18T00:00:00.000","2438.25","bank account"
"266","267","295","2022-06-12T00:00:00.000","1013.14","bank account"
"267","268","105","2022-06-25T00:00:00.000","343.47","debit card"
"268","269","218","2023-02-18T00:00:00.000","2378.5","phone"
"269","270","545","2022-11-09T00:00:00.000","1875.56","phone"
"270","271","982","2022-10-19T00:00:00.000","440.08","phone"
"271","272","39","2023-01-18T00:00:00.000","1150.44","bank account"
"272","273","185","2022-05-25T00:00:00.000","600.47","-"
"273","274","579","2022-07-12T00:00:00.000","1508.47","credit card"
"274","275","442","2022-06-08T00:00:00.000","1190.06","mail"
"275","276","924","2023-03-20T00:00:00.000","2363.64","debit card"
"276","277","832","2022-10-17T00:00:00.000","735.08","mail"
"277","278","173","2022-08-03T00:00:00.000","1388.64","phone"
"278","279","192","2022-10-18T00:00:00.000","1259.89","mail"
"279","280","934","2023-03-31T00:00:00.000","802.08","phone"
"280","281","136","2022-07-29T00:00:00.000","3666.67","credit card"
"281","282","87","2022-06-13T00:00:00.000","919.42","credit card"
"282","283","609","2023-01-22T00:00:00.000","1431.14","credit card"
"283","284","630","2022-09-28T00:00:00.000","626.5","phone"
"284","285","492","2022-12-01T00:00:00.000","1138.94","debit card"
"285","286","62","2022-10-18T00:00:00.000","955.39","-"
"286","287","542","2022-06-25T00:00:00.000","1322.22","mail"
"287","288","660","2022-11-16T00:00:00.000","564.08","phone"
"288","289","424","2023-04-11T00:00:00.000","1413.06","bank account"
"289","290","186","2023-01-14T00:00:00.000","404.19","phone"
"290","291","282","2022-12-29T00:00:00.000","1112.42","credit card"
"291","292","168","2022-04-30T00:00:00.000","465.42","mail"
"292","293","421","2022-09-13T00:00:00.000","5029.11","phone"
"293","294","365","2023-03-17T00:00:00.000","880.5","credit card"
"294","295","8","2022-11-29T00:00:00.000","295.53","bank account"
"295","296","694","2022-08-21T00:00:00.000","351","credit card"
"296","297","459","2022-08-08T00:00:00.000","3745.06","mail"
"297","298","397","2022-10-29T00:00:00.000","305.44","-"
"298","299","846","2022-08-23T00:00:00.000","1016.69","credit card"
"299","300","237","2022-07-12T00:00:00.000","2969.61","phone"
"300","301","878","2022-10-01T00:00:00.000","652.14","-"
"301","302","974","2022-06-27T00:00:00.000","4314.67","-"
"302","303","226","2023-03-31T00:00:00.000","1641.75","credit card"
"303","304","474","2022-12-20T00:00:00.000","1016.64","bank account"
"304","305","29","2022-10-10T00:00:00.000","1294.19","mail"
"305","306","792","2022-05-21T00:00:00.000","4344.25","bank account"
"306","307","231","2022-05-18T00:00:00.000","1120.42","debit card"
"307","308","100","2023-02-11T00:00:00.000","1586","credit card"
"308","309","118","2023-01-12T00:00:00.000","2986.58","credit card"
"309","310","337","2022-06-14T00:00:00.000","1955.75","credit card"
"310","311","963","2022-08-06T00:00:00.000","1942.42","credit card"
"311","312","712","2022-05-17T00:00:00.000","3324.42","debit card"
"312","313","500","2022-07-02T00:00:00.000","1014.31","mail"
"313","314","332","2022-06-14T00:00:00.000","582.83","debit card"
"314","315","145","2022-11-16T00:00:00.000","1902.28","phone"
"315","316","281","2022-04-16T00:00:00.000","4298.58","-"
"316","317","913","2022-07-12T00:00:00.000","3739.47","debit card"
"317","318","468","2023-03-01T00:00:00.000","3825.08","mail"
"318","319","851","2023-02-28T00:00:00.000","2627.14","phone"
"319","320","313","2022-09-04T00:00:00.000","524.33","bank account"
"320","321","407","2022-09-30T00:00:00.000","1937.69","bank account"
"321","322","428","2022-08-22T00:00:00.000","370.14","credit card"
"322","323","635","2023-03-25T00:00:00.000","1442.83","debit card"
"323","324","134","2023-03-25T00:00:00.000","2493.36","bank account"
"324","325","867","2023-02-11T00:00:00.000","1446.36","phone"
"325","326","379","2022-09-04T00:00:00.000","304.31","-"
"326","327","242","2022-10-01T00:00:00.000","1013.75","debit card"
"327","328","581","2023-03-10T00:00:00.000","2849.36","phone"
"328","329","142","2023-03-06T00:00:00.000","2426.06","bank account"
"329","330","184","2022-07-23T00:00:00.000","3500.78","credit card"
"330","331","418","2022-12-26T00:00:00.000","3164.97","mail"
"331","332","235","2022-06-19T00:00:00.000","471.69","phone"
"332","333","277","2022-04-24T00:00:00.000","1985","mail"
"333","334","48","2022-07-08T00:00:00.000","3361.44","phone"
"334","335","195","2022-07-10T00:00:00.000","2862.36","bank account"
"335","336","499","2022-10-21T00:00:00.000","2515.86","debit card"
"336","337","678","2023-01-20T00:00:00.000","1103.69","phone"
"337","338","965","2023-01-21T00:00:00.000","2954.75","phone"
"338","339","626","2022-08-30T00:00:00.000","1247.03","phone"
"339","340","496","2022-04-27T00:00:00.000","1727.75","debit card"
"340","341","634","2023-01-14T00:00:00.000","617.28","bank account"
"341","342","971","2022-07-26T00:00:00.000","3977.25","bank account"
"342","343","954","2022-06-27T00:00:00.000","754.83","phone"
"343","344","687","2023-01-14T00:00:00.000","2844.72","bank account"
"344","345","818","2023-01-05T00:00:00.000","5247.42","mail"
"345","346","263","2022-09-23T00:00:00.000","2612.72","credit card"
"346","347","112","2022-07-09T00:00:00.000","3911.64","phone"
"347","348","454","2023-03-04T00:00:00.000","3067.08","bank account"
"348","349","214","2022-11-26T00:00:00.000","1897.08","debit card"
"349","350","819","2022-10-16T00:00:00.000","306.56","-"
"350","351","182","2022-05-13T00:00:00.000","2551","debit card"
"351","352","207","2022-07-13T00:00:00.000","3253.14","credit card"
"352","353","986","2023-01-31T00:00:00.000","1691.19","mail"
"353","354","297","2022-09-03T00:00:00.000","915.75","credit card"
"354","355","839","2022-11-24T00:00:00.000","2707.28","debit card"
"355","356","916","2022-07-03T00:00:00.000","442.58","phone"
"356","357","540","2023-02-06T00:00:00.000","279.53","-"
"357","358","170","2022-07-14T00:00:00.000","1831.78","debit card"
"358","359","760","2022-07-13T00:00:00.000","1394.86","bank account"
"359","360","631","2022-11-18T00:00:00.000","582.22","mail"
"360","361","901","2022-07-25T00:00:00.000","1278.83","debit card"
"361","362","794","2023-02-19T00:00:00.000","1947.47","bank account"
"362","363","252","2023-03-08T00:00:00.000","307.39","mail"
"363","364","11","2023-04-01T00:00:00.000","705.61","mail"
"364","365","241","2023-01-31T00:00:00.000","706.64","bank account"
"365","366","633","2022-10-01T00:00:00.000","1025.64","phone"
"366","367","367","2022-06-29T00:00:00.000","438.19","mail"
"367","368","175","2022-08-20T00:00:00.000","1618.53","credit card"
"368","369","730","2022-12-01T00:00:00.000","1613.42","credit card"
"369","370","789","2022-11-15T00:00:00.000","844.33","bank account"
"370","371","524","2023-01-18T00:00:00.000","278.33","bank account"
"371","372","46","2022-06-18T00:00:00.000","1317.67","debit card"
"372","373","802","2023-03-12T00:00:00.000","681.14","phone"
"373","374","490","2022-06-16T00:00:00.000","665.11","bank account"
"374","375","327","2022-12-22T00:00:00.000","3192.08","debit card"
"375","376","334","2022-04-18T00:00:00.000","3474.75","credit card"
"376","377","270","2023-03-27T00:00:00.000","3011.47","phone"
"377","378","592","2022-10-11T00:00:00.000","2411.47","mail"
"378","379","881","2022-04-22T00:00:00.000","1113.42","bank account"
"379","380","706","2022-12-21T00:00:00.000","694.08","phone"
"380","381","127","2022-12-06T00:00:00.000","2474.44","bank account"
"381","382","664","2022-05-15T00:00:00.000","549.11","phone"
"382","383","674","2022-06-08T00:00:00.000","2350","mail"
"383","384","76","2022-06-19T00:00:00.000","296.11","mail"
"384","385","303","2022-05-09T00:00:00.000","577.75","-"
"385","386","775","2022-06-14T00:00:00.000","694.97","-"
"386","387","565","2023-02-24T00:00:00.000","436.25","credit card"
"387","388","403","2023-01-28T00:00:00.000","3520.92","debit card"
"388","389","49","2022-04-20T00:00:00.000","434.33","phone"
"389","390","32","2023-04-05T00:00:00.000","1407.5","bank account"
"390","391","552","2023-02-08T00:00:00.000","1640.42","credit card"
"391","392","321","2022-05-10T00:00:00.000","2126.28","credit card"
"392","393","562","2023-02-27T00:00:00.000","2107.31","bank account"
"393","394","863","2022-06-05T00:00:00.000","3045","debit card"
"394","395","962","2022-07-20T00:00:00.000","2060.36","phone"
"395","396","151","2023-03-25T00:00:00.000","3507.67","bank account"
"396","397","328","2022-06-30T00:00:00.000","499.39","bank account"
"397","398","922","2022-04-26T00:00:00.000","3277.56","debit card"
"398","399","713","2023-02-13T00:00:00.000","1548.81","debit card"
"399","400","518","2023-01-27T00:00:00.000","391.64","debit card"
"400","401","508","2023-03-17T00:00:00.000","585.56","mail"
"401","402","481","2022-04-17T00:00:00.000","1700.31","debit card"
"402","403","220","2023-02-18T00:00:00.000","335.86","credit card"
"403","404","452","2023-02-23T00:00:00.000","3481.11","bank account"
"404","405","736","2023-01-16T00:00:00.000","731.89","debit card"
"405","406","525","2022-12-02T00:00:00.000","1263.11","credit card"
"406","407","672","2023-04-12T00:00:00.000","425.69","debit card"
"407","408","976","2022-12-17T00:00:00.000","1856.14","debit card"
"408","409","606","2023-01-25T00:00:00.000","4535.36","bank account"
"409","410","316","2022-10-19T00:00:00.000","2265.08","credit card"
"410","411","601","2023-02-04T00:00:00.000","2722.58","phone"
"411","412","774","2022-09-20T00:00:00.000","1663.39","bank account"
"412","413","66","2022-08-26T00:00:00.000","2694.53","debit card"
"413","414","734","2022-07-02T00:00:00.000","332.28","-"
"414","415","432","2023-02-08T00:00:00.000","1066.67","debit card"
"415","416","187","2022-11-10T00:00:00.000","791.72","-"
"416","417","699","2023-01-10T00:00:00.000","2083.14","mail"
"417","418","426","2022-05-16T00:00:00.000","1343.94","credit card"
"418","419","102","2023-03-18T00:00:00.000","4297.64","phone"
"419","420","770","2022-12-29T00:00:00.000","763.33","phone"
"420","421","290","2022-06-08T00:00:00.000","972.33","credit card"
"421","422","72","2023-01-05T00:00:00.000","1030.47","phone"
"422","423","806","2022-08-19T00:00:00.000","508.56","bank account"
"423","424","376","2022-06-16T00:00:00.000","1819.44","mail"
"424","425","611","2022-11-22T00:00:00.000","370.42","credit card"
"425","426","178","2023-04-13T00:00:00.000","419.61","credit card"
"426","427","532","2022-08-01T00:00:00.000","1295.61","bank account"
"427","428","230","2022-09-01T00:00:00.000","279.67","-"
"428","429","319","2022-05-09T00:00:00.000","1212.47","phone"
"429","430","873","2023-02-01T00:00:00.000","441.58","bank account"
"430","431","689","2022-06-23T00:00:00.000","1085.5","phone"
"431","432","310","2023-04-06T00:00:00.000","358.06","phone"
"432","433","613","2022-11-02T00:00:00.000","340.64","credit card"
"433","434","386","2023-03-09T00:00:00.000","633.25","-"
"434","435","658","2022-09-25T00:00:00.000","1484.42","bank account"
"435","436","520","2023-04-05T00:00:00.000","1510.22","phone"
"436","437","710","2022-07-22T00:00:00.000","1722.72","phone"
"437","438","285","2022-09-22T00:00:00.000","2256.56","debit card"
"438","439","467","2022-11-24T00:00:00.000","303","mail"
"439","440","906","2023-02-17T00:00:00.000","4720.58","bank account"
"440","441","563","2022-08-23T00:00:00.000","1039.89","credit card"
"441","442","783","2023-01-28T00:00:00.000","386.78","phone"
"442","443","957","2022-08-24T00:00:00.000","278.64","mail"
"443","444","722","2022-04-23T00:00:00.000","434.69","phone"
"444","445","814","2022-12-24T00:00:00.000","2137.06","credit card"
"445","446","753","2022-10-13T00:00:00.000","721.67","-"
"446","447","786","2022-10-30T00:00:00.000","832.64","mail"
"447","448","940","2022-10-18T00:00:00.000","855.11","credit card"
"448","449","623","2022-05-21T00:00:00.000","282.56","credit card"
"449","450","884","2022-07-06T00:00:00.000","890.33","mail"
"450","451","261","2022-04-27T00:00:00.000","4505.11","phone"
"451","452","510","2022-09-18T00:00:00.000","2121.33","mail"
"452","453","419","2022-05-15T00:00:00.000","299.42","mail"
"453","454","624","2023-03-28T00:00:00.000","840.67","phone"
"454","455","567","2022-05-28T00:00:00.000","3064.89","credit card"
"455","456","556","2023-03-26T00:00:00.000","1754.44","mail"
"456","457","338","2022-05-22T00:00:00.000","2317.92","phone"
"457","458","455","2022-08-28T00:00:00.000","2242.89","credit card"
"458","459","644","2023-01-09T00:00:00.000","527.5","credit card"
"459","460","558","2022-07-07T00:00:00.000","995.61","credit card"
"460","461","441","2022-07-06T00:00:00.000","1381.58","phone"
"461","462","959","2022-10-08T00:00:00.000","297.64","credit card"
"462","463","507","2022-08-21T00:00:00.000","661.64","bank account"
"463","464","315","2022-10-06T00:00:00.000","1333.75","credit card"
"464","465","354","2022-10-27T00:00:00.000","284.89","credit card"
"465","466","677","2023-02-17T00:00:00.000","2791.97","phone"
"466","467","735","2022-11-28T00:00:00.000","3313.94","phone"
"467","468","898","2022-10-31T00:00:00.000","1401.14","phone"
"468","469","582","2022-12-21T00:00:00.000","458.97","mail"
"469","470","58","2022-08-04T00:00:00.000","336.5","-"
"470","471","68","2023-02-25T00:00:00.000","2727.11","mail"
"471","472","272","2022-12-21T00:00:00.000","1019.36","credit card"
"472","473","371","2022-08-29T00:00:00.000","1724.19","mail"
"473","474","910","2022-09-08T00:00:00.000","1521.33","credit card"
"474","475","71","2022-11-14T00:00:00.000","2910.31","debit card"
"475","476","932","2022-08-29T00:00:00.000","4498.36","-"
"476","477","767","2022-04-16T00:00:00.000","1375.19","phone"
"477","478","705","2022-08-02T00:00:00.000","1353","credit card"
"478","479","287","2022-11-23T00:00:00.000","386.28","bank account"
"479","480","528","2022-11-28T00:00:00.000","2034.69","debit card"
"480","481","286","2022-06-07T00:00:00.000","753.69","bank account"
"481","482","741","2022-12-01T00:00:00.000","344.56","debit card"
"482","483","88","2022-09-20T00:00:00.000","1478.81","mail"
"483","484","340","2022-05-03T00:00:00.000","2085.92","phone"
"484","485","765","2022-10-01T00:00:00.000","3040.22","bank account"
"485","486","26","2023-03-15T00:00:00.000","2820.69","mail"
"486","487","772","2022-12-01T00:00:00.000","3162.06","credit card"
"487","488","641","2022-11-18T00:00:00.000","320.39","credit card"
"488","489","637","2023-01-29T00:00:00.000","1512.22","debit card"
"489","490","225","2022-07-23T00:00:00.000","707.61","-"
"490","491","440","2022-12-30T00:00:00.000","705.06","debit card"
"491","492","322","2022-06-20T00:00:00.000","1579","debit card"
"492","493","14","2022-07-22T00:00:00.000","3284.28","mail"
"493","494","106","2022-06-13T00:00:00.000","616.42","bank account"
"494","495","194","2022-09-13T00:00:00.000","1036.58","mail"
"495","496","571","2023-03-08T00:00:00.000","442.92","credit card"
"496","497","395","2022-11-19T00:00:00.000","297.28","credit card"
"497","498","339","2022-12-13T00:00:00.000","2523.64","bank account"
"498","499","961","2022-12-10T00:00:00.000","663.53","phone"
"499","500","902","2022-07-11T00:00:00.000","1079.72","phone"
"500","501","751","2022-04-25T00:00:00.000","1558.67","mail"
"501","502","446","2022-10-30T00:00:00.000","3751.33","phone"
"502","503","402","2022-10-16T00:00:00.000","530.78","-"
"503","504","882","2022-10-12T00:00:00.000","300.86","debit card"
"504","505","762","2023-03-21T00:00:00.000","2180","mail"
"505","506","691","2022-12-03T00:00:00.000","354.47","phone"
"506","507","17","2023-02-09T00:00:00.000","2302.42","debit card"
"507","508","967","2023-01-28T00:00:00.000","1175.5","mail"
"508","509","893","2022-07-22T00:00:00.000","801.81","credit card"
"509","510","211","2022-11-02T00:00:00.000","738.92","mail"
"510","511","943","2022-06-15T00:00:00.000","457.72","credit card"
"511","512","739","2022-05-16T00:00:00.000","674.39","debit card"
"512","513","363","2022-09-05T00:00:00.000","2228.06","bank account"
"513","514","336","2022-06-05T00:00:00.000","1512.81","mail"
"514","515","35","2023-03-13T00:00:00.000","2414.19","credit card"
"515","516","912","2022-10-17T00:00:00.000","3779.61","debit card"
"516","517","888","2023-01-30T00:00:00.000","1211.08","credit card"
"517","518","850","2022-10-19T00:00:00.000","3202.22","bank account"
"518","519","20","2022-06-08T00:00:00.000","1064.81","debit card"
"519","520","887","2022-11-27T00:00:00.000","579.75","mail"
"520","521","907","2022-12-27T00:00:00.000","4009.22","-"
"521","522","342","2022-07-30T00:00:00.000","1541.39","credit card"
"522","523","477","2023-01-08T00:00:00.000","2884.89","debit card"
"523","524","398","2022-08-09T00:00:00.000","682.22","debit card"
"524","525","953","2022-10-13T00:00:00.000","1684.64","phone"
"525","526","650","2022-07-23T00:00:00.000","2281.25","phone"
"526","527","31","2023-01-18T00:00:00.000","1621.14","phone"
"527","528","478","2022-06-07T00:00:00.000","458.81","debit card"
"528","529","27","2022-05-29T00:00:00.000","2457.67","bank account"
"529","530","314","2023-04-11T00:00:00.000","1396.53","phone"
"530","531","124","2022-12-22T00:00:00.000","400.28","bank account"
"531","532","224","2023-02-03T00:00:00.000","863.53","-"
"532","533","937","2022-07-03T00:00:00.000","1772.08","bank account"
"533","534","451","2022-08-16T00:00:00.000","549.19","bank account"
"534","535","222","2022-09-30T00:00:00.000","1524.75","credit card"
"535","536","580","2023-03-13T00:00:00.000","2675.81","debit card"
"536","537","111","2022-06-25T00:00:00.000","1024.89","debit card"
"537","538","75","2022-08-24T00:00:00.000","524.86","debit card"
"538","539","693","2023-04-13T00:00:00.000","908.44","phone"
"539","540","669","2022-05-12T00:00:00.000","1707.83","credit card"
"540","541","413","2022-08-07T00:00:00.000","3438.53","credit card"
"541","542","979","2022-07-28T00:00:00.000","1220.36","bank account"
"542","543","86","2023-03-04T00:00:00.000","1515.06","credit card"
"543","544","2","2022-10-10T00:00:00.000","3144.94","mail"
"544","545","174","2023-01-19T00:00:00.000","1261.14","credit card"
"545","546","731","2023-03-05T00:00:00.000","1297.72","mail"
"546","547","473","2023-01-25T00:00:00.000","488.11","bank account"
"547","548","833","2023-01-22T00:00:00.000","505.58","debit card"
"548","549","617","2023-03-25T00:00:00.000","941.33","bank account"
"549","550","169","2022-07-02T00:00:00.000","902.42","credit card"
"550","551","709","2023-01-13T00:00:00.000","4621.17","debit card"
"551","552","34","2022-11-22T00:00:00.000","1972.5","mail"
"552","553","605","2022-09-08T00:00:00.000","1310.47","mail"
"553","554","793","2022-06-14T00:00:00.000","523.81","phone"
"554","555","936","2022-11-25T00:00:00.000","705.14","mail"
"555","556","889","2023-04-04T00:00:00.000","4024.22","debit card"
"556","557","13","2022-09-10T00:00:00.000","360.53","mail"
"557","558","436","2023-03-07T00:00:00.000","1378.86","bank account"
"558","559","911","2022-07-10T00:00:00.000","340","bank account"
"559","560","648","2022-12-07T00:00:00.000","947.72","-"
"560","561","665","2022-08-01T00:00:00.000","1935.78","bank account"
"561","562","205","2023-01-02T00:00:00.000","4148.97","-"
"562","563","745","2023-03-11T00:00:00.000","1769.25","bank account"
"563","564","598","2022-12-10T00:00:00.000","477.56","credit card"
"564","565","711","2023-02-09T00:00:00.000","474.31","mail"
"565","566","781","2022-10-19T00:00:00.000","1068.44","credit card"
"566","567","387","2022-06-23T00:00:00.000","735","mail"
"567","568","501","2023-03-18T00:00:00.000","952.47","debit card"
"568","569","600","2022-12-29T00:00:00.000","2499.5","credit card"
"569","570","790","2022-10-11T00:00:00.000","2063.53","mail"
"570","571","470","2022-12-29T00:00:00.000","741.67","debit card"
"571","572","703","2022-11-08T00:00:00.000","613.81","mail"
"572","573","662","2023-02-14T00:00:00.000","306.97","debit card"
"573","574","517","2022-06-18T00:00:00.000","1426.97","bank account"
"574","575","40","2022-07-08T00:00:00.000","431.56","phone"
"575","576","780","2022-05-11T00:00:00.000","1204.94","credit card"
"576","577","865","2022-09-10T00:00:00.000","577.83","debit card"
"577","578","330","2022-08-23T00:00:00.000","799.83","debit card"
"578","579","784","2022-06-04T00:00:00.000","1336.36","phone"
"579","580","317","2022-12-10T00:00:00.000","2888.56","mail"
"580","581","861","2023-01-17T00:00:00.000","2844.64","bank account"
"581","582","698","2023-01-23T00:00:00.000","1692.56","phone"
"582","583","740","2023-03-09T00:00:00.000","3345.61","mail"
"583","584","829","2022-07-04T00:00:00.000","3057.56","bank account"
"584","585","494","2023-02-04T00:00:00.000","3716.67","credit card"
"585","586","984","2022-07-23T00:00:00.000","2723.31","phone"
"586","587","720","2022-12-18T00:00:00.000","1936.86","credit card"
"587","588","849","2022-06-15T00:00:00.000","2259.31","bank account"
"588","589","53","2022-06-09T00:00:00.000","1500.67","debit card"
"589","590","393","2022-05-13T00:00:00.000","462.19","phone"
"590","591","964","2022-10-12T00:00:00.000","1606","bank account"
"591","592","690","2023-02-26T00:00:00.000","3976.42","mail"
"592","593","247","2022-12-17T00:00:00.000","600.56","debit card"
"593","594","777","2022-05-19T00:00:00.000","431.25","phone"
"594","595","667","2022-06-26T00:00:00.000","3350.14","mail"
"595","596","5","2022-05-24T00:00:00.000","1146.56","debit card"
"596","597","81","2022-05-23T00:00:00.000","878.14","debit card"
"597","598","597","2022-10-10T00:00:00.000","566.53","credit card"
"598","599","179","2023-01-21T00:00:00.000","1923.75","mail"
"599","600","858","2022-09-02T00:00:00.000","1541.69","debit card"
"600","601","576","2022-10-10T00:00:00.000","1878.22","debit card"
"601","602","196","2022-10-20T00:00:00.000","282.64","mail"
"602","603","55","2023-01-28T00:00:00.000","3489.72","phone"
"603","604","716","2022-04-19T00:00:00.000","1698.44","bank account"
"604","605","268","2023-01-05T00:00:00.000","1185.22","bank account"
"605","606","615","2022-08-15T00:00:00.000","952.58","bank account"
"606","607","434","2023-04-04T00:00:00.000","573.53","credit card"
"607","608","746","2023-02-25T00:00:00.000","2210.78","mail"
"608","609","256","2023-04-13T00:00:00.000","589.94","phone"
"609","610","255","2022-12-30T00:00:00.000","1487.06","mail"
"610","611","69","2022-09-11T00:00:00.000","593.64","mail"
"611","612","896","2022-07-04T00:00:00.000","1141.67","credit card"
"612","613","950","2023-02-27T00:00:00.000","958.53","debit card"
"613","614","99","2022-06-17T00:00:00.000","2555.5","phone"
"614","615","10","2022-08-17T00:00:00.000","1870.19","mail"
"615","616","91","2022-07-04T00:00:00.000","840.92","-"
"616","617","702","2022-10-19T00:00:00.000","3499.56","debit card"
"617","618","526","2023-03-20T00:00:00.000","3644.17","debit card"
"618","619","248","2022-06-06T00:00:00.000","2602.94","phone"
"619","620","812","2022-10-29T00:00:00.000","1295.81","debit card"
"620","621","359","2022-08-05T00:00:00.000","327.28","credit card"
"621","622","827","2023-02-26T00:00:00.000","2716.67","bank account"
"622","623","603","2022-11-16T00:00:00.000","644.28","-"
"623","624","166","2023-02-03T00:00:00.000","279.94","debit card"
"624","625","763","2022-06-25T00:00:00.000","855.03","bank account"
"625","626","939","2022-05-11T00:00:00.000","1789.33","phone"
"626","627","404","2022-06-25T00:00:00.000","1976.83","mail"
"627","628","439","2022-10-13T00:00:00.000","737.25","bank account"
"628","629","291","2023-02-12T00:00:00.000","3214","credit card"
"629","630","680","2022-09-29T00:00:00.000","2743.28","phone"
"630","631","258","2023-03-28T00:00:00.000","2722.14","debit card"
"631","632","155","2022-08-22T00:00:00.000","753.67","phone"
"632","633","555","2022-10-14T00:00:00.000","746.19","credit card"
"633","634","514","2023-03-20T00:00:00.000","2965.5","debit card"
"634","635","575","2022-04-24T00:00:00.000","1267.33","credit card"
"635","636","356","2022-08-20T00:00:00.000","461.28","mail"
"636","637","993","2022-05-23T00:00:00.000","283.39","credit card"
"637","638","139","2022-08-25T00:00:00.000","1344.42","mail"
"638","639","975","2022-08-12T00:00:00.000","1288.61","mail"
"639","640","417","2022-07-11T00:00:00.000","5037.22","-"
"640","641","167","2022-10-10T00:00:00.000","659.61","-"
"641","642","389","2022-10-19T00:00:00.000","1559.86","mail"
"642","643","966","2022-05-25T00:00:00.000","2024.58","credit card"
"643","644","530","2022-09-30T00:00:00.000","746.42","-"
"644","645","227","2022-05-02T00:00:00.000","3312.92","credit card"
"645","646","74","2023-02-07T00:00:00.000","2142.42","credit card"
"646","647","997","2022-07-30T00:00:00.000","1258","bank account"
"647","648","154","2022-09-14T00:00:00.000","3395.06","mail"
"648","649","30","2022-08-30T00:00:00.000","2030","bank account"
"649","650","684","2023-04-15T00:00:00.000","2183.22","bank account"
"650","651","919","2022-06-20T00:00:00.000","1810.78","phone"
"651","652","484","2022-10-27T00:00:00.000","465","-"
"652","653","701","2023-02-05T00:00:00.000","1735.75","bank account"
"653","654","595","2022-12-14T00:00:00.000","2084.67","debit card"
"654","655","809","2022-06-06T00:00:00.000","309.42","debit card"
"655","656","98","2022-08-27T00:00:00.000","537","phone"
"656","657","283","2022-06-09T00:00:00.000","1219.28","bank account"
"657","658","824","2023-03-15T00:00:00.000","1477.17","mail"
"658","659","260","2022-08-11T00:00:00.000","1219.83","bank account"
"659","660","77","2022-05-18T00:00:00.000","737.92","debit card"
"660","661","992","2022-05-26T00:00:00.000","863.75","-"
"661","662","300","2023-03-06T00:00:00.000","354.89","-"
"662","663","585","2022-12-20T00:00:00.000","566.03","bank account"
"663","664","657","2022-05-02T00:00:00.000","4271.83","mail"
"664","665","862","2022-12-23T00:00:00.000","680.53","mail"
"665","666","855","2022-06-05T00:00:00.000","1596.86","credit card"
"666","667","199","2022-10-11T00:00:00.000","684.33","-"
"667","668","561","2022-06-28T00:00:00.000","2837.39","phone"
"668","669","946","2022-05-25T00:00:00.000","594.06","phone"
"669","670","952","2022-05-24T00:00:00.000","1776.17","mail"
"670","671","594","2023-01-22T00:00:00.000","4615.72","credit card"
"671","672","412","2022-04-21T00:00:00.000","788.64","mail"
"672","673","511","2022-07-08T00:00:00.000","1231.64","debit card"
"673","674","841","2022-07-08T00:00:00.000","1772","mail"
"674","675","718","2022-11-05T00:00:00.000","1715.72","mail"
"675","676","369","2022-10-12T00:00:00.000","2528.94","credit card"
"676","677","200","2022-12-25T00:00:00.000","746.78","bank account"
"677","678","52","2022-12-17T00:00:00.000","2767.58","phone"
"678","679","899","2022-12-02T00:00:00.000","2109.19","phone"
"679","680","999","2022-11-13T00:00:00.000","4971.53","mail"
"680","681","355","2022-12-01T00:00:00.000","356.64","bank account"
"681","682","904","2022-09-29T00:00:00.000","2545.33","mail"
"682","683","464","2022-07-16T00:00:00.000","585.75","phone"
"683","684","546","2022-07-12T00:00:00.000","3450.22","phone"
"684","685","892","2022-12-29T00:00:00.000","3812.89","debit card"
"685","686","482","2023-03-05T00:00:00.000","2911.36","debit card"
"686","687","848","2022-04-30T00:00:00.000","832.22","phone"
"687","688","384","2022-08-30T00:00:00.000","3121.17","mail"
"688","689","208","2023-01-30T00:00:00.000","528.44","-"
"689","690","374","2022-12-19T00:00:00.000","3496.53","mail"
"690","691","614","2023-01-22T00:00:00.000","2511.22","bank account"
"691","692","539","2023-01-03T00:00:00.000","652.81","debit card"
"692","693","948","2022-10-20T00:00:00.000","4512.72","phone"
"693","694","519","2022-11-04T00:00:00.000","1921.33","mail"
"694","695","782","2022-08-31T00:00:00.000","1571.53","mail"
"695","696","831","2022-11-25T00:00:00.000","2396.83","debit card"
"696","697","852","2022-10-03T00:00:00.000","1421","mail"
"697","698","622","2022-11-12T00:00:00.000","884.42","-"
"698","699","234","2022-08-10T00:00:00.000","2543.97","mail"
"699","700","329","2022-12-18T00:00:00.000","1711.78","phone"
"700","701","64","2023-03-13T00:00:00.000","3505.58","bank account"
"701","702","726","2022-06-10T00:00:00.000","540.42","bank account"
"702","703","994","2022-05-13T00:00:00.000","758.67","-"
"703","704","569","2022-09-24T00:00:00.000","1461.67","credit card"
"704","705","980","2023-01-31T00:00:00.000","547.72","mail"
"705","706","341","2022-12-10T00:00:00.000","1493.14","bank account"
"706","707","259","2023-02-07T00:00:00.000","1173.28","bank account"
"707","708","583","2023-03-04T00:00:00.000","1334.11","credit card"
"708","709","917","2022-08-15T00:00:00.000","527.31","bank account"
"709","710","527","2022-05-15T00:00:00.000","345.86","credit card"
"710","711","733","2022-08-23T00:00:00.000","432.78","bank account"
"711","712","886","2022-05-23T00:00:00.000","567.94","-"
"712","713","70","2022-11-17T00:00:00.000","3738.56","phone"
"713","714","299","2022-12-09T00:00:00.000","1216.58","bank account"
"714","715","21","2022-08-08T00:00:00.000","2273.83","mail"
"715","716","564","2023-02-18T00:00:00.000","1151.19","mail"
"716","717","126","2022-09-27T00:00:00.000","5284.89","bank account"
"717","718","388","2022-10-08T00:00:00.000","2249.03","credit card"
"718","719","638","2022-07-04T00:00:00.000","1012.69","mail"
"719","720","646","2022-05-01T00:00:00.000","288.53","bank account"
"720","721","951","2022-04-26T00:00:00.000","311.67","credit card"
"721","722","752","2023-04-05T00:00:00.000","2308.81","phone"
"722","723","238","2022-05-25T00:00:00.000","3079.78","debit card"
"723","724","6","2023-02-24T00:00:00.000","1436.11","credit card"
"724","725","813","2022-09-21T00:00:00.000","1134.22","phone"
"725","726","485","2022-09-08T00:00:00.000","375.22","debit card"
"726","727","257","2022-09-15T00:00:00.000","2192.22","bank account"
"727","728","743","2023-01-23T00:00:00.000","1259.25","phone"
"728","729","871","2023-02-27T00:00:00.000","421.19","-"
"729","730","162","2023-03-04T00:00:00.000","507.03","-"
"730","731","153","2022-12-03T00:00:00.000","2245.69","debit card"
"731","732","512","2022-06-13T00:00:00.000","569.64","credit card"
"732","733","411","2022-09-24T00:00:00.000","428.14","phone"
"733","734","808","2022-11-30T00:00:00.000","1134.28","mail"
"734","735","114","2022-08-30T00:00:00.000","463.47","phone"
"735","736","640","2022-11-12T00:00:00.000","2215.64","credit card"
"736","737","349","2022-12-10T00:00:00.000","317.47","debit card"
"737","738","416","2022-11-19T00:00:00.000","714.69","mail"
"738","739","108","2023-02-13T00:00:00.000","353.17","mail"
"739","740","837","2023-01-30T00:00:00.000","717.72","phone"
"740","741","628","2023-02-05T00:00:00.000","279.06","debit card"
"741","742","331","2022-11-01T00:00:00.000","390.83","phone"
"742","743","262","2022-09-17T00:00:00.000","1883.61","bank account"
"743","744","158","2023-03-25T00:00:00.000","564.92","-"
"744","745","596","2022-09-15T00:00:00.000","2476.81","mail"
"745","746","652","2022-08-17T00:00:00.000","408.08","mail"
"746","747","350","2023-01-08T00:00:00.000","2112.89","bank account"
"747","748","366","2023-03-07T00:00:00.000","840.53","credit card"
"748","749","577","2022-09-17T00:00:00.000","4106.64","mail"
"749","750","302","2023-03-26T00:00:00.000","3535.44","mail"
"750","751","462","2023-04-12T00:00:00.000","288.78","phone"
"751","752","44","2022-11-17T00:00:00.000","769.19","credit card"
"752","753","236","2022-04-26T00:00:00.000","1988.47","debit card"
"753","754","382","2022-09-17T00:00:00.000","1618.03","debit card"
"754","755","574","2022-11-03T00:00:00.000","2580.5","credit card"
"755","756","639","2023-03-06T00:00:00.000","3097.42","credit card"
"756","757","842","2023-03-05T00:00:00.000","4978.86","bank account"
"757","758","647","2022-10-06T00:00:00.000","1126.78","mail"
"758","759","929","2022-06-01T00:00:00.000","2063.58","mail"
"759","760","627","2022-07-07T00:00:00.000","837.31","phone"
"760","761","325","2022-08-08T00:00:00.000","775.83","bank account"
"761","762","131","2022-09-22T00:00:00.000","1608.67","phone"
"762","763","908","2022-07-21T00:00:00.000","4016.36","debit card"
"763","764","683","2023-03-07T00:00:00.000","998.67","-"
"764","765","860","2023-04-14T00:00:00.000","471.53","bank account"
"765","766","193","2022-07-14T00:00:00.000","2903.42","phone"
"766","767","589","2023-03-26T00:00:00.000","985.39","debit card"
"767","768","152","2022-06-11T00:00:00.000","412.25","bank account"
"768","769","681","2023-01-05T00:00:00.000","1177.06","mail"
"769","770","67","2022-05-11T00:00:00.000","1747.28","phone"
"770","771","203","2022-05-17T00:00:00.000","1743.08","debit card"
"771","772","653","2023-02-21T00:00:00.000","2400.69","bank account"
"772","773","795","2022-06-09T00:00:00.000","1428.56","debit card"
"773","774","981","2022-08-03T00:00:00.000","441.03","credit card"
"774","775","465","2022-04-26T00:00:00.000","2005.56","bank account"
"775","776","4","2022-05-18T00:00:00.000","298.31","phone"
"776","777","621","2023-03-18T00:00:00.000","1871.39","debit card"
"777","778","866","2022-05-17T00:00:00.000","386.89","phone"
"778","779","423","2022-10-16T00:00:00.000","688","-"
"779","780","573","2022-10-28T00:00:00.000","494.58","debit card"
"780","781","309","2023-03-05T00:00:00.000","2562.78","phone"
"781","782","1","2022-12-28T00:00:00.000","1156.44","credit card"
"782","783","756","2022-07-08T00:00:00.000","868.53","debit card"
"783","784","244","2023-01-04T00:00:00.000","1557.36","phone"
"784","785","909","2022-07-10T00:00:00.000","492.33","bank account"
"785","786","429","2022-08-19T00:00:00.000","791.94","bank account"
"786","787","877","2023-02-21T00:00:00.000","1061.19","bank account"
"787","788","57","2022-06-06T00:00:00.000","4125.03","mail"
"788","789","548","2023-04-09T00:00:00.000","697.11","phone"
"789","790","536","2022-05-25T00:00:00.000","290.33","debit card"
"790","791","663","2023-03-07T00:00:00.000","1255.42","credit card"
"791","792","385","2022-09-21T00:00:00.000","3984.33","mail"
"792","793","785","2023-02-07T00:00:00.000","2126.5","phone"
"793","794","217","2022-09-23T00:00:00.000","1074.08","phone"
"794","795","12","2022-08-10T00:00:00.000","2936.78","debit card"
"795","796","854","2022-05-01T00:00:00.000","563.33","phone"
"796","797","983","2023-01-16T00:00:00.000","1057.83","mail"
"797","798","578","2022-05-31T00:00:00.000","1425.31","credit card"
"798","799","826","2022-07-16T00:00:00.000","338.33","mail"
"799","800","301","2022-12-16T00:00:00.000","4103.28","phone"
"800","801","498","2023-01-05T00:00:00.000","3607.17","mail"
"801","802","228","2022-05-06T00:00:00.000","662","bank account"
"802","803","276","2022-07-14T00:00:00.000","412.92","bank account"
"803","804","90","2022-04-26T00:00:00.000","335.56","phone"
"804","805","449","2023-03-12T00:00:00.000","423.5","-"
"805","806","250","2023-03-04T00:00:00.000","2591.08","debit card"
"806","807","788","2022-08-08T00:00:00.000","676.58","phone"
"807","808","796","2022-08-03T00:00:00.000","312.39","debit card"
"808","809","632","2022-09-06T00:00:00.000","2047.31","phone"
"809","810","927","2022-07-11T00:00:00.000","3114.89","mail"
"810","811","116","2022-06-08T00:00:00.000","664.94","credit card"
"811","812","779","2022-10-22T00:00:00.000","2890.67","phone"
"812","813","931","2022-07-04T00:00:00.000","1749.53","bank account"
"813","814","326","2022-08-17T00:00:00.000","826.56","credit card"
"814","815","475","2022-10-27T00:00:00.000","291.03","debit card"
"815","816","612","2022-10-03T00:00:00.000","1737.17","debit card"
"816","817","239","2023-03-27T00:00:00.000","1017.81","credit card"
"817","818","113","2023-01-22T00:00:00.000","594.78","mail"
"818","819","883","2022-12-12T00:00:00.000","2733.42","bank account"
"819","820","433","2022-11-04T00:00:00.000","949.33","debit card"
"820","821","642","2022-10-21T00:00:00.000","3117.14","mail"
"821","822","232","2023-04-10T00:00:00.000","1718.19","debit card"
"822","823","249","2022-05-02T00:00:00.000","4347.75","mail"
"823","824","414","2022-05-18T00:00:00.000","4932","mail"
"824","825","358","2022-05-31T00:00:00.000","1208.06","debit card"
"825","826","537","2022-04-26T00:00:00.000","586.17","-"
"826","827","890","2022-12-19T00:00:00.000","417.81","mail"
"827","828","93","2022-11-04T00:00:00.000","384.36","credit card"
"828","829","445","2022-11-16T00:00:00.000","763.5","-"
"829","830","119","2022-11-03T00:00:00.000","1854.75","phone"
"830","831","588","2022-09-02T00:00:00.000","3607.06","credit card"
"831","832","629","2023-02-28T00:00:00.000","3127.72","bank account"
"832","833","921","2022-05-29T00:00:00.000","469.69","debit card"
"833","834","171","2023-03-12T00:00:00.000","501","mail"
"834","835","110","2022-08-15T00:00:00.000","445.78","phone"
"835","836","223","2022-12-03T00:00:00.000","573.89","mail"
"836","837","401","2022-10-13T00:00:00.000","451.58","phone"
"837","838","183","2023-02-09T00:00:00.000","995.58","phone"
"838","839","800","2022-05-10T00:00:00.000","1488.14","credit card"
"839","840","949","2022-11-27T00:00:00.000","3077.06","credit card"
"840","841","135","2022-06-20T00:00:00.000","3439.42","credit card"
"841","842","737","2022-12-26T00:00:00.000","3115.22","mail"
"842","843","656","2022-10-17T00:00:00.000","1032.78","mail"
"843","844","245","2022-09-24T00:00:00.000","2254.33","phone"
"844","845","78","2022-04-26T00:00:00.000","1748.89","debit card"
"845","846","533","2022-07-25T00:00:00.000","1117.11","mail"
"846","847","719","2022-12-11T00:00:00.000","3801.64","mail"
"847","848","348","2022-11-03T00:00:00.000","3989.31","mail"
"848","849","390","2022-08-20T00:00:00.000","1434.19","mail"
"849","850","101","2022-06-21T00:00:00.000","1963.47","debit card"
"850","851","673","2023-01-02T00:00:00.000","343.69","credit card"
"851","852","163","2022-06-26T00:00:00.000","1091.81","phone"
"852","853","312","2022-07-22T00:00:00.000","426.22","phone"
"853","854","409","2023-02-22T00:00:00.000","3292.53","debit card"
"854","855","391","2023-02-16T00:00:00.000","791.89","debit card"
"855","856","143","2023-03-26T00:00:00.000","1991.5","bank account"
"856","857","132","2023-03-09T00:00:00.000","1165.61","credit card"
"857","858","830","2022-12-30T00:00:00.000","406.36","-"
"858","859","298","2022-07-22T00:00:00.000","1413.11","bank account"
"859","860","502","2023-01-02T00:00:00.000","2454.39","debit card"
"860","861","307","2022-12-05T00:00:00.000","3712.25","debit card"
"861","862","923","2022-07-16T00:00:00.000","2269.64","debit card"
"862","863","840","2023-02-03T00:00:00.000","512.5","-"
"863","864","400","2022-06-26T00:00:00.000","377.75","mail"
"864","865","655","2022-12-13T00:00:00.000","479.94","debit card"
"865","866","269","2022-12-22T00:00:00.000","696.47","bank account"
"866","867","509","2023-02-04T00:00:00.000","2972.44","phone"
"867","868","427","2023-03-11T00:00:00.000","291.67","bank account"
"868","869","822","2023-02-20T00:00:00.000","2147.36","debit card"
"869","870","900","2022-06-16T00:00:00.000","1777.25","credit card"
"870","871","104","2022-08-26T00:00:00.000","2835.53","phone"
"871","872","747","2023-01-30T00:00:00.000","4247.36","phone"
"872","873","305","2022-07-18T00:00:00.000","342.86","-"
"873","874","497","2022-09-08T00:00:00.000","733.92","mail"
"874","875","636","2022-05-06T00:00:00.000","2084.47","mail"
"875","876","700","2022-12-25T00:00:00.000","731.75","debit card"
"876","877","651","2022-08-05T00:00:00.000","1265.56","bank account"
"877","878","998","2023-03-05T00:00:00.000","967.06","bank account"
"878","879","977","2022-11-06T00:00:00.000","913.97","phone"
"879","880","676","2023-01-26T00:00:00.000","315.56","mail"
"880","881","707","2023-01-16T00:00:00.000","1484.25","bank account"
"881","882","523","2022-06-24T00:00:00.000","2204.61","phone"
"882","883","140","2022-10-27T00:00:00.000","301.78","bank account"
"883","884","396","2023-04-01T00:00:00.000","2920.25","bank account"
"884","885","773","2022-07-07T00:00:00.000","421.31","mail"
"885","886","543","2022-08-31T00:00:00.000","660.11","mail"
"886","887","125","2022-09-17T00:00:00.000","1530.06","mail"
"887","888","343","2022-12-21T00:00:00.000","3484.78","credit card"
"888","889","274","2023-04-16T00:00:00.000","2881.14","mail"
"889","890","491","2023-04-07T00:00:00.000","1104.31","debit card"
"890","891","201","2023-04-09T00:00:00.000","662.56","bank account"
"891","892","190","2023-02-25T00:00:00.000","1057.56","debit card"
"892","893","36","2023-01-11T00:00:00.000","788.53","-"
"893","894","836","2022-07-18T00:00:00.000","3489.61","debit card"
"894","895","938","2022-12-30T00:00:00.000","565.06","bank account"
"895","896","749","2022-10-02T00:00:00.000","324.94","mail"
"896","897","311","2023-02-24T00:00:00.000","444.5","bank account"
"897","898","65","2023-03-25T00:00:00.000","555.44","-"
"898","899","103","2022-10-31T00:00:00.000","278.67","phone"
"899","900","945","2022-08-23T00:00:00.000","4622.92","debit card"
"900","901","572","2022-10-19T00:00:00.000","1161.11","bank account"
"901","902","351","2022-10-28T00:00:00.000","960.17","credit card"
"902","903","495","2023-01-14T00:00:00.000","1808.14","bank account"
"903","904","738","2022-12-09T00:00:00.000","337.22","credit card"
"904","905","714","2022-07-11T00:00:00.000","1760.67","phone"
"905","906","43","2022-10-26T00:00:00.000","3196.97","phone"
"906","907","443","2022-08-27T00:00:00.000","299.81","debit card"
"907","908","54","2023-04-01T00:00:00.000","2965.42","credit card"
"908","909","566","2023-03-05T00:00:00.000","3594.67","mail"
"909","910","506","2023-04-13T00:00:00.000","1185.5","debit card"
"910","911","469","2022-12-02T00:00:00.000","2403.78","phone"
"911","912","1000","2023-02-22T00:00:00.000","492.19","debit card"
"912","913","161","2022-06-16T00:00:00.000","4947.78","-"
"913","914","206","2022-08-19T00:00:00.000","304.17","phone"
"914","915","859","2022-11-22T00:00:00.000","731.78","-"
"915","916","375","2022-06-27T00:00:00.000","2575.58","mail"
"916","917","92","2023-02-02T00:00:00.000","1396.31","debit card"
"917","918","219","2023-01-25T00:00:00.000","333.22","mail"
"918","919","266","2022-12-12T00:00:00.000","278.47","phone"
"919","920","541","2022-04-26T00:00:00.000","1003.69","debit card"
"920","921","742","2022-06-23T00:00:00.000","299.83","bank account"
"921","922","448","2022-12-17T00:00:00.000","1070.14","phone"
"922","923","209","2022-04-25T00:00:00.000","659.11","-"
"923","924","488","2023-03-09T00:00:00.000","918.81","mail"
"924","925","117","2023-01-24T00:00:00.000","2390.25","mail"
"925","926","844","2022-11-25T00:00:00.000","3511.33","phone"
"926","927","534","2022-06-21T00:00:00.000","4436.33","debit card"
"927","928","45","2022-11-07T00:00:00.000","1014.19","bank account"
"928","929","744","2023-01-07T00:00:00.000","537.69","-"
"929","930","197","2022-10-07T00:00:00.000","1073.94","credit card"
"930","931","438","2022-10-15T00:00:00.000","574.22","credit card"
"931","932","430","2022-08-04T00:00:00.000","1542.44","bank account"
"932","933","364","2022-05-10T00:00:00.000","2071.81","mail"
"933","934","856","2022-07-05T00:00:00.000","953.64","phone"
"934","935","870","2022-05-02T00:00:00.000","1379.22","debit card"
"935","936","278","2022-08-20T00:00:00.000","608.31","credit card"
"936","937","202","2023-04-16T00:00:00.000","2123.81","mail"
"937","938","146","2022-07-02T00:00:00.000","1790.25","phone"
"938","939","405","2022-06-07T00:00:00.000","1237.86","phone"
"939","940","914","2022-12-05T00:00:00.000","431.39","credit card"
"940","941","897","2022-06-04T00:00:00.000","2735.36","debit card"
"941","942","37","2022-09-05T00:00:00.000","3247.92","phone"
"942","943","758","2023-02-28T00:00:00.000","1061.08","mail"
"943","944","95","2022-08-05T00:00:00.000","2107.47","debit card"
"944","945","891","2022-11-29T00:00:00.000","1242.47","debit card"
"945","946","590","2022-11-10T00:00:00.000","2356.69","phone"
"946","947","288","2022-07-20T00:00:00.000","2402.03","phone"
"947","948","551","2023-03-31T00:00:00.000","2581.5","debit card"
"948","949","955","2023-04-13T00:00:00.000","439.69","bank account"
"949","950","377","2022-12-25T00:00:00.000","568.06","phone"
"950","951","318","2022-07-04T00:00:00.000","3457.19","credit card"
"951","952","535","2022-12-10T00:00:00.000","1347.64","bank account"
"952","953","960","2022-08-24T00:00:00.000","3743.94","mail"
"953","954","41","2023-03-13T00:00:00.000","445.94","credit card"
"954","955","679","2022-10-27T00:00:00.000","1183.92","phone"
"955","956","521","2023-01-29T00:00:00.000","2740.94","credit card"
"956","957","905","2023-03-14T00:00:00.000","420.97","phone"
"957","958","425","2022-06-27T00:00:00.000","396.14","mail"
"958","959","444","2023-03-23T00:00:00.000","2117.08","bank account"
"959","960","233","2022-07-29T00:00:00.000","292.81","credit card"
"960","961","587","2022-08-15T00:00:00.000","776.44","phone"
"961","962","15","2023-01-11T00:00:00.000","797.25","mail"
"962","963","978","2022-11-23T00:00:00.000","919.58","debit card"
"963","964","191","2022-10-06T00:00:00.000","1698.83","credit card"
"964","965","353","2022-09-15T00:00:00.000","2225.92","mail"
"965","966","82","2022-12-06T00:00:00.000","1344.83","mail"
"966","967","925","2022-12-31T00:00:00.000","2046.36","credit card"
"967","968","869","2022-11-16T00:00:00.000","524.92","debit card"
"968","969","522","2022-07-18T00:00:00.000","2754.72","debit card"
"969","970","279","2022-08-11T00:00:00.000","866.83","debit card"
"970","971","22","2023-04-05T00:00:00.000","525.86","-"
"971","972","688","2022-12-22T00:00:00.000","1666.39","bank account"
"972","973","280","2022-08-22T00:00:00.000","764.53","phone"
"973","974","847","2022-12-25T00:00:00.000","1092.47","debit card"
"974","975","24","2022-11-02T00:00:00.000","2812.14","mail"
"975","976","212","2022-05-23T00:00:00.000","3063.28","phone"
"976","977","944","2022-08-28T00:00:00.000","2539.89","bank account"
"977","978","406","2022-04-18T00:00:00.000","974.94","mail"
"978","979","608","2022-12-04T00:00:00.000","2137.31","phone"
"979","980","787","2023-01-06T00:00:00.000","2481.17","mail"
"980","981","729","2023-03-23T00:00:00.000","1019.47","phone"
"981","982","471","2022-12-15T00:00:00.000","2994.94","mail"
"982","983","750","2022-07-12T00:00:00.000","335.61","-"
"983","984","879","2023-03-07T00:00:00.000","1027.61","phone"
"984","985","320","2023-02-23T00:00:00.000","3248.72","bank account"
"985","986","686","2022-10-31T00:00:00.000","4983.89","-"
"986","987","180","2022-05-02T00:00:00.000","2388","mail"
"987","988","308","2023-04-12T00:00:00.000","2117.14","mail"
"988","989","422","2022-04-22T00:00:00.000","720.86","phone"
"989","990","79","2023-03-30T00:00:00.000","965.03","mail"
"990","991","324","2023-03-18T00:00:00.000","1067.28","credit card"
"991","992","437","2023-01-02T00:00:00.000","291.67","-"
"992","993","880","2022-06-04T00:00:00.000","615.69","debit card"
"993","994","696","2023-01-19T00:00:00.000","1386.58","debit card"
"994","995","493","2022-05-23T00:00:00.000","1434.03","bank account"
"995","996","721","2022-04-23T00:00:00.000","2598.03","credit card"
"996","997","85","2022-07-03T00:00:00.000","427.47","credit card"
"997","998","335","2022-07-15T00:00:00.000","769.94","credit card"
"998","999","210","2022-06-01T00:00:00.000","1209.36","debit card"
"999","1000","799","2022-12-17T00:00:00.000","3397.08","credit card"
"1000","1001","801","2023-01-25T00:00:00.000","3187.83","credit card"
"1001","1002","600","2023-04-04T00:00:00.000","2335.89","mail"
"1002","1003","163","2023-04-04T00:00:00.000","3097.92","phone"
"1003","1004","483","2022-12-16T00:00:00.000","2200.72","phone"
"1004","1005","794","2022-06-08T00:00:00.000","312.5","debit card"
"1005","1006","87","2022-09-21T00:00:00.000","593.11","-"
"1006","1007","292","2023-01-28T00:00:00.000","835.56","mail"
"1007","1008","260","2022-11-21T00:00:00.000","3795.31","debit card"
"1008","1009","951","2023-02-03T00:00:00.000","1069.19","debit card"
"1009","1010","779","2022-10-27T00:00:00.000","370.69","-"
"1010","1011","97","2023-03-01T00:00:00.000","3180.67","credit card"
"1011","1012","460","2022-05-18T00:00:00.000","3240.42","mail"
"1012","1013","31","2022-05-06T00:00:00.000","527.72","-"
"1013","1014","407","2023-01-26T00:00:00.000","1170.36","bank account"
"1014","1015","105","2022-08-26T00:00:00.000","871.42","credit card"
"1015","1016","670","2022-08-31T00:00:00.000","2775.53","bank account"
"1016","1017","609","2022-12-25T00:00:00.000","1288.03","debit card"
"1017","1018","347","2023-04-03T00:00:00.000","1172.08","credit card"
"1018","1019","50","2023-04-01T00:00:00.000","481.47","phone"
"1019","1020","382","2022-05-24T00:00:00.000","2442.86","debit card"
"1020","1021","649","2022-11-06T00:00:00.000","4196.14","bank account"
"1021","1022","905","2022-06-09T00:00:00.000","2096.36","credit card"
"1022","1023","805","2022-12-21T00:00:00.000","2440.58","phone"
"1023","1024","304","2022-08-18T00:00:00.000","524.86","phone"
"1024","1025","430","2023-01-31T00:00:00.000","558.08","credit card"
"1025","1026","269","2022-10-12T00:00:00.000","296.94","credit card"
"1026","1027","644","2023-04-12T00:00:00.000","2819.89","debit card"
"1027","1028","246","2022-10-06T00:00:00.000","581.11","debit card"
"1028","1029","739","2022-08-22T00:00:00.000","3821.11","credit card"
"1029","1030","953","2022-08-11T00:00:00.000","279.72","bank account"
"1030","1031","28","2022-12-17T00:00:00.000","2318.86","phone"
"1031","1032","643","2022-08-01T00:00:00.000","2939.58","bank account"
"1032","1033","22","2023-03-15T00:00:00.000","1833.67","credit card"
"1033","1034","539","2023-04-16T00:00:00.000","1852.81","debit card"
"1034","1035","36","2022-11-24T00:00:00.000","281.11","debit card"
"1035","1036","543","2023-04-12T00:00:00.000","3547.08","bank account"
"1036","1037","598","2022-12-13T00:00:00.000","942.58","phone"
"1037","1038","847","2022-05-07T00:00:00.000","1606.47","credit card"
"1038","1039","294","2023-03-25T00:00:00.000","1202.92","phone"
"1039","1040","13","2022-09-07T00:00:00.000","2253.67","credit card"
"1040","1041","186","2022-07-04T00:00:00.000","742.81","phone"
"1041","1042","421","2022-06-14T00:00:00.000","1135.25","debit card"
"1042","1043","760","2022-12-28T00:00:00.000","4248.11","mail"
"1043","1044","508","2023-01-18T00:00:00.000","815.75","credit card"
"1044","1045","740","2022-09-14T00:00:00.000","1740.61","bank account"
"1045","1046","15","2023-01-07T00:00:00.000","4123.64","bank account"
"1046","1047","908","2022-04-23T00:00:00.000","1731.08","credit card"
"1047","1048","427","2022-09-07T00:00:00.000","719.72","credit card"
"1048","1049","737","2022-04-17T00:00:00.000","389.11","mail"
"1049","1050","950","2022-12-27T00:00:00.000","2207.25","phone"
"1050","1051","449","2022-12-23T00:00:00.000","1923.28","credit card"
"1051","1052","805","2022-07-13T00:00:00.000","641","bank account"
"1052","1053","726","2023-03-07T00:00:00.000","782.75","bank account"
"1053","1054","285","2022-12-02T00:00:00.000","681.72","mail"
"1054","1055","82","2022-12-12T00:00:00.000","291.56","debit card"
"1055","1056","73","2022-06-02T00:00:00.000","3637.19","credit card"
"1056","1057","356","2022-10-31T00:00:00.000","1819.61","credit card"
"1057","1058","119","2023-02-27T00:00:00.000","574.97","debit card"
"1058","1059","673","2022-11-19T00:00:00.000","1345.58","credit card"
"1059","1060","698","2022-09-23T00:00:00.000","2817.78","debit card"
"1060","1061","514","2022-12-25T00:00:00.000","571.64","bank account"
"1061","1062","384","2022-09-27T00:00:00.000","2493.78","phone"
"1062","1063","768","2023-04-04T00:00:00.000","433.47","credit card"
"1063","1064","891","2022-11-28T00:00:00.000","1228.61","credit card"
"1064","1065","8","2022-09-15T00:00:00.000","823.33","mail"
"1065","1066","299","2022-12-03T00:00:00.000","1802.83","phone"
"1066","1067","209","2022-07-22T00:00:00.000","566.06","bank account"
"1067","1068","44","2022-11-23T00:00:00.000","2203.11","mail"
"1068","1069","786","2022-08-08T00:00:00.000","2594.22","phone"
"1069","1070","586","2023-03-26T00:00:00.000","3073.83","credit card"
"1070","1071","599","2022-08-24T00:00:00.000","1347.19","phone"
"1071","1072","433","2022-09-25T00:00:00.000","632.28","bank account"
"1072","1073","696","2022-12-25T00:00:00.000","1576.69","debit card"
"1073","1074","992","2023-01-10T00:00:00.000","3547.5","mail"
"1074","1075","936","2022-11-22T00:00:00.000","2976.36","phone"
"1075","1076","876","2022-06-18T00:00:00.000","305.78","mail"
"1076","1077","274","2022-07-01T00:00:00.000","1039.67","debit card"
"1077","1078","11","2022-09-24T00:00:00.000","882.72","mail"
"1078","1079","606","2022-05-10T00:00:00.000","3183.17","bank account"
"1079","1080","125","2022-09-13T00:00:00.000","518.92","phone"
"1080","1081","700","2022-06-18T00:00:00.000","1163.83","phone"
"1081","1082","297","2022-07-14T00:00:00.000","1300.81","mail"
"1082","1083","317","2022-12-25T00:00:00.000","428.97","mail"
"1083","1084","415","2022-10-22T00:00:00.000","1206.92","mail"
"1084","1085","826","2022-11-08T00:00:00.000","1069.86","phone"
"1085","1086","337","2022-09-16T00:00:00.000","3514.83","bank account"
"1086","1087","606","2022-11-14T00:00:00.000","1036.03","bank account"
"1087","1088","651","2023-02-01T00:00:00.000","1267.53","credit card"
"1088","1089","781","2023-03-31T00:00:00.000","1563.94","credit card"
"1089","1090","83","2022-04-27T00:00:00.000","790.94","mail"
"1090","1091","416","2022-08-05T00:00:00.000","439.92","debit card"
"1091","1092","317","2023-04-08T00:00:00.000","2908.78","phone"
"1092","1093","931","2022-06-13T00:00:00.000","1949.94","credit card"
"1093","1094","461","2022-05-21T00:00:00.000","2690.72","debit card"
"1094","1095","661","2022-11-08T00:00:00.000","1233.22","credit card"
"1095","1096","591","2022-07-07T00:00:00.000","692.81","phone"
"1096","1097","723","2022-05-20T00:00:00.000","1107.86","phone"
"1097","1098","796","2023-03-21T00:00:00.000","1781.03","debit card"
"1098","1099","124","2022-08-27T00:00:00.000","575.58","credit card"
"1099","1100","278","2022-10-01T00:00:00.000","2917.94","mail"
"1100","1101","68","2022-07-02T00:00:00.000","4173.5","credit card"
"1101","1102","803","2023-03-26T00:00:00.000","501.67","mail"
"1102","1103","414","2022-12-14T00:00:00.000","3947.5","phone"
"1103","1104","534","2022-08-15T00:00:00.000","2905.14","mail"
"1104","1105","72","2022-11-26T00:00:00.000","388.22","phone"
"1105","1106","929","2023-01-16T00:00:00.000","671.58","mail"
"1106","1107","700","2022-05-31T00:00:00.000","937.92","credit card"
"1107","1108","73","2022-10-15T00:00:00.000","3145.94","mail"
"1108","1109","329","2022-11-03T00:00:00.000","452.69","phone"
"1109","1110","636","2022-12-29T00:00:00.000","1855.86","mail"
"1110","1111","195","2022-10-20T00:00:00.000","654.17","bank account"
"1111","1112","447","2022-08-30T00:00:00.000","3432.22","mail"
"1112","1113","742","2022-11-19T00:00:00.000","280.03","credit card"
"1113","1114","706","2022-09-02T00:00:00.000","971.78","phone"
"1114","1115","620","2022-12-20T00:00:00.000","1751.92","mail"
"1115","1116","651","2022-07-09T00:00:00.000","3226.56","bank account"
"1116","1117","215","2023-01-05T00:00:00.000","536.61","-"
"1117","1118","991","2022-07-30T00:00:00.000","1985.81","bank account"
"1118","1119","752","2022-11-22T00:00:00.000","2196.89","bank account"
"1119","1120","845","2022-10-11T00:00:00.000","3649.03","credit card"
"1120","1121","607","2023-01-31T00:00:00.000","2586.06","mail"
"1121","1122","393","2022-06-29T00:00:00.000","933.78","phone"
"1122","1123","676","2022-10-14T00:00:00.000","2044.64","mail"
"1123","1124","772","2022-09-02T00:00:00.000","897.53","mail"
"1124","1125","888","2022-05-03T00:00:00.000","1436.72","bank account"
"1125","1126","44","2022-07-21T00:00:00.000","503.94","phone"
"1126","1127","949","2022-10-23T00:00:00.000","914.39","phone"
"1127","1128","446","2022-06-04T00:00:00.000","1487.94","credit card"
"1128","1129","852","2022-12-03T00:00:00.000","3664.31","phone"
"1129","1130","528","2022-11-07T00:00:00.000","837.39","debit card"
"1130","1131","134","2023-02-09T00:00:00.000","682.83","debit card"
"1131","1132","395","2023-01-03T00:00:00.000","4085.33","credit card"
"1132","1133","76","2023-02-28T00:00:00.000","1382.08","phone"
"1133","1134","402","2022-11-19T00:00:00.000","507.36","credit card"
"1134","1135","129","2023-04-11T00:00:00.000","2025.56","bank account"
"1135","1136","925","2022-04-17T00:00:00.000","1462.64","bank account"
"1136","1137","407","2022-07-14T00:00:00.000","2863.06","bank account"
"1137","1138","340","2022-12-10T00:00:00.000","2737.06","debit card"
"1138","1139","488","2023-02-04T00:00:00.000","345.58","mail"
"1139","1140","629","2023-02-03T00:00:00.000","1208.89","mail"
"1140","1141","786","2022-07-16T00:00:00.000","1423.19","debit card"
"1141","1142","783","2022-07-15T00:00:00.000","3249.94","phone"
"1142","1143","75","2022-07-19T00:00:00.000","1404.83","phone"
"1143","1144","900","2022-09-10T00:00:00.000","1732.64","bank account"
"1144","1145","619","2022-08-03T00:00:00.000","683.44","phone"
"1145","1146","236","2023-01-23T00:00:00.000","980.67","credit card"
"1146","1147","923","2022-11-30T00:00:00.000","908.39","mail"
"1147","1148","111","2022-07-27T00:00:00.000","2815.06","debit card"
"1148","1149","839","2023-01-08T00:00:00.000","3343.22","mail"
"1149","1150","167","2022-12-16T00:00:00.000","2858","bank account"
"1150","1151","82","2022-08-08T00:00:00.000","751.06","mail"
"1151","1152","932","2022-10-27T00:00:00.000","2764.03","mail"
"1152","1153","720","2023-02-18T00:00:00.000","1373.08","mail"
"1153","1154","939","2022-04-29T00:00:00.000","1045.17","credit card"
"1154","1155","543","2022-08-13T00:00:00.000","1451.22","credit card"
"1155","1156","683","2023-03-12T00:00:00.000","1624.17","credit card"
"1156","1157","206","2022-08-16T00:00:00.000","1455.47","debit card"
"1157","1158","50","2022-09-24T00:00:00.000","349.61","-"
"1158","1159","696","2022-10-16T00:00:00.000","940.14","bank account"
"1159","1160","924","2022-06-14T00:00:00.000","1165.72","bank account"
"1160","1161","68","2023-03-13T00:00:00.000","810.28","debit card"
"1161","1162","457","2022-06-08T00:00:00.000","308.86","bank account"
"1162","1163","420","2022-05-14T00:00:00.000","3292.92","credit card"
"1163","1164","529","2022-06-19T00:00:00.000","3517.69","mail"
"1164","1165","713","2022-05-19T00:00:00.000","562.97","bank account"
"1165","1166","993","2022-11-07T00:00:00.000","872","debit card"
"1166","1167","14","2022-05-03T00:00:00.000","977.69","-"
"1167","1168","416","2022-08-16T00:00:00.000","2064.17","mail"
"1168","1169","358","2023-03-31T00:00:00.000","2315.36","debit card"
"1169","1170","721","2022-12-26T00:00:00.000","1653.08","debit card"
"1170","1171","886","2022-12-15T00:00:00.000","876.89","debit card"
"1171","1172","380","2022-10-13T00:00:00.000","531.75","debit card"
"1172","1173","214","2023-04-09T00:00:00.000","1097.58","debit card"
"1173","1174","12","2022-11-28T00:00:00.000","1688.69","bank account"
"1174","1175","489","2022-06-20T00:00:00.000","1679.17","credit card"
"1175","1176","550","2022-12-20T00:00:00.000","2185.81","debit card"
"1176","1177","96","2022-04-25T00:00:00.000","1819.39","phone"
"1177","1178","102","2022-09-01T00:00:00.000","432.56","mail"
"1178","1179","377","2022-12-27T00:00:00.000","951.56","bank account"
"1179","1180","639","2023-01-06T00:00:00.000","894.67","credit card"
"1180","1181","144","2022-05-09T00:00:00.000","2097.11","bank account"
"1181","1182","371","2022-09-19T00:00:00.000","2689.83","phone"
"1182","1183","435","2023-04-04T00:00:00.000","1284.42","debit card"
"1183","1184","715","2023-04-13T00:00:00.000","694.22","-"
"1184","1185","837","2022-11-21T00:00:00.000","287.81","-"
"1185","1186","62","2022-09-27T00:00:00.000","2503.03","bank account"
"1186","1187","616","2022-08-18T00:00:00.000","1393.69","bank account"
"1187","1188","687","2022-09-01T00:00:00.000","4349.33","credit card"
"1188","1189","544","2022-11-07T00:00:00.000","2100.97","phone"
"1189","1190","205","2023-01-25T00:00:00.000","452.08","bank account"
"1190","1191","364","2022-08-20T00:00:00.000","1260.39","debit card"
"1191","1192","877","2023-02-19T00:00:00.000","2181.31","debit card"
"1192","1193","192","2023-02-17T00:00:00.000","764.72","debit card"
"1193","1194","823","2022-05-04T00:00:00.000","379","debit card"
"1194","1195","597","2022-07-27T00:00:00.000","3908.58","mail"
"1195","1196","256","2023-02-05T00:00:00.000","4655.44","phone"
"1196","1197","823","2022-10-23T00:00:00.000","613.72","-"
"1197","1198","678","2022-07-01T00:00:00.000","338.19","credit card"
"1198","1199","513","2022-09-27T00:00:00.000","732.72","credit card"
"1199","1200","604","2022-05-02T00:00:00.000","1242.64","phone"
"1200","1201","715","2022-10-10T00:00:00.000","1640.72","phone"
"1201","1202","223","2022-12-27T00:00:00.000","669.64","mail"
"1202","1203","371","2023-03-02T00:00:00.000","3268.06","mail"
"1203","1204","606","2022-09-23T00:00:00.000","463.14","phone"
"1204","1205","465","2022-05-10T00:00:00.000","319.72","-"
"1205","1206","292","2022-12-16T00:00:00.000","478.97","credit card"
"1206","1207","913","2022-12-20T00:00:00.000","1023.11","mail"
"1207","1208","61","2023-02-01T00:00:00.000","294.53","bank account"
"1208","1209","108","2022-06-28T00:00:00.000","534.67","debit card"
"1209","1210","83","2023-04-03T00:00:00.000","725.47","credit card"
"1210","1211","91","2022-10-08T00:00:00.000","517","credit card"
"1211","1212","412","2022-04-20T00:00:00.000","630.44","bank account"
"1212","1213","827","2023-01-01T00:00:00.000","536.36","bank account"
"1213","1214","553","2023-04-16T00:00:00.000","1662.86","phone"
"1214","1215","94","2022-10-02T00:00:00.000","359.36","credit card"
"1215","1216","488","2022-12-17T00:00:00.000","1923.22","mail"
"1216","1217","218","2022-09-01T00:00:00.000","1949.42","bank account"
"1217","1218","336","2022-06-20T00:00:00.000","1363.78","debit card"
"1218","1219","889","2022-04-22T00:00:00.000","949.22","phone"
"1219","1220","888","2023-01-11T00:00:00.000","2101.14","credit card"
"1220","1221","316","2022-08-31T00:00:00.000","1752.64","bank account"
"1221","1222","280","2023-01-30T00:00:00.000","3167.75","mail"
"1222","1223","190","2022-07-08T00:00:00.000","3753.72","debit card"
"1223","1224","697","2022-11-03T00:00:00.000","864.19","credit card"
"1224","1225","508","2023-01-17T00:00:00.000","1703.11","bank account"
"1225","1226","517","2022-12-14T00:00:00.000","881.69","phone"
"1226","1227","30","2022-10-04T00:00:00.000","466.22","bank account"
"1227","1228","871","2022-06-14T00:00:00.000","1673.89","mail"
"1228","1229","724","2023-04-14T00:00:00.000","286","credit card"
"1229","1230","10","2023-02-10T00:00:00.000","2217.44","debit card"
"1230","1231","338","2022-10-07T00:00:00.000","776.83","credit card"
"1231","1232","7","2023-03-05T00:00:00.000","427.17","credit card"
"1232","1233","693","2023-04-02T00:00:00.000","1418.83","debit card"
"1233","1234","689","2022-11-16T00:00:00.000","668.03","debit card"
"1234","1235","903","2023-04-15T00:00:00.000","2890.61","credit card"
"1235","1236","875","2022-06-29T00:00:00.000","1396.28","credit card"
"1236","1237","460","2022-06-12T00:00:00.000","744.75","-"
"1237","1238","704","2022-08-22T00:00:00.000","694.56","debit card"
"1238","1239","392","2023-03-04T00:00:00.000","623.47","-"
"1239","1240","354","2022-06-11T00:00:00.000","2075.5","mail"
"1240","1241","376","2022-08-29T00:00:00.000","2241.97","mail"
"1241","1242","924","2022-08-08T00:00:00.000","988.5","bank account"
"1242","1243","122","2023-01-28T00:00:00.000","4134.97","bank account"
"1243","1244","706","2022-05-02T00:00:00.000","930.19","credit card"
"1244","1245","884","2023-03-01T00:00:00.000","464.58","phone"
"1245","1246","508","2023-02-25T00:00:00.000","650.97","mail"
"1246","1247","419","2022-06-22T00:00:00.000","2671.11","phone"
"1247","1248","188","2023-01-07T00:00:00.000","3806.44","bank account"
"1248","1249","763","2022-05-29T00:00:00.000","2522.14","phone"
"1249","1250","684","2022-06-03T00:00:00.000","785.17","mail"
"1250","1251","114","2023-03-09T00:00:00.000","661.17","mail"
"1251","1252","823","2022-08-11T00:00:00.000","277.83","debit card"
"1252","1253","206","2022-07-14T00:00:00.000","953.72","bank account"
"1253","1254","741","2022-05-29T00:00:00.000","1737.64","debit card"
"1254","1255","295","2022-09-10T00:00:00.000","1518","phone"
"1255","1256","943","2023-02-27T00:00:00.000","1330.5","credit card"
"1256","1257","832","2022-06-01T00:00:00.000","1451.14","bank account"
"1257","1258","891","2022-12-24T00:00:00.000","412.89","-"
"1258","1259","261","2022-08-18T00:00:00.000","2076.78","phone"
"1259","1260","725","2023-01-05T00:00:00.000","991.69","-"
"1260","1261","433","2022-08-07T00:00:00.000","2037.17","phone"
"1261","1262","71","2023-02-08T00:00:00.000","2163.31","debit card"
"1262","1263","228","2022-12-02T00:00:00.000","1019.44","phone"
"1263","1264","451","2023-04-01T00:00:00.000","375.53","phone"
"1264","1265","741","2022-06-22T00:00:00.000","1747.89","mail"
"1265","1266","934","2022-11-20T00:00:00.000","4102.28","mail"
"1266","1267","173","2023-03-20T00:00:00.000","2711.33","debit card"
"1267","1268","735","2023-04-06T00:00:00.000","728.86","-"
"1268","1269","924","2023-02-07T00:00:00.000","994.06","mail"
"1269","1270","405","2022-07-04T00:00:00.000","1604.36","phone"
"1270","1271","351","2023-02-13T00:00:00.000","3554.31","mail"
"1271","1272","780","2022-11-11T00:00:00.000","2198.78","debit card"
"1272","1273","525","2022-04-22T00:00:00.000","1393.22","credit card"
"1273","1274","62","2022-05-26T00:00:00.000","2056.06","mail"
"1274","1275","54","2023-01-08T00:00:00.000","3329.33","mail"
"1275","1276","781","2022-10-03T00:00:00.000","907.56","-"
"1276","1277","543","2022-12-07T00:00:00.000","3318.92","phone"
"1277","1278","380","2022-05-30T00:00:00.000","2677.61","bank account"
"1278","1279","129","2022-09-07T00:00:00.000","815.78","credit card"
"1279","1280","806","2022-12-30T00:00:00.000","2001.53","phone"
"1280","1281","278","2022-10-23T00:00:00.000","781.69","credit card"
"1281","1282","930","2022-09-13T00:00:00.000","1532.92","credit card"
"1282","1283","25","2022-05-30T00:00:00.000","1435.83","mail"
"1283","1284","382","2022-11-14T00:00:00.000","552.92","debit card"
"1284","1285","381","2022-12-22T00:00:00.000","1732.03","credit card"
"1285","1286","999","2022-08-24T00:00:00.000","586.53","phone"
"1286","1287","893","2022-06-09T00:00:00.000","310.11","-"
"1287","1288","346","2023-02-21T00:00:00.000","1235.08","debit card"
"1288","1289","960","2023-02-19T00:00:00.000","1098.67","mail"
"1289","1290","398","2022-10-23T00:00:00.000","448.03","bank account"
"1290","1291","873","2022-05-02T00:00:00.000","690.97","phone"
"1291","1292","67","2022-08-01T00:00:00.000","1430.28","phone"
"1292","1293","235","2022-09-10T00:00:00.000","3182.61","credit card"
"1293","1294","203","2022-11-20T00:00:00.000","2252.42","bank account"
"1294","1295","451","2023-03-18T00:00:00.000","561","phone"
"1295","1296","790","2023-03-26T00:00:00.000","2362.39","phone"
"1296","1297","35","2022-12-13T00:00:00.000","1935.5","mail"
"1297","1298","156","2023-04-05T00:00:00.000","3582.97","phone"
"1298","1299","784","2022-12-07T00:00:00.000","2211.86","credit card"
"1299","1300","905","2023-03-10T00:00:00.000","848.06","debit card"
"1300","1301","840","2022-09-01T00:00:00.000","516.75","debit card"
"1301","1302","312","2022-06-30T00:00:00.000","3554.28","bank account"
"1302","1303","72","2022-11-20T00:00:00.000","395.53","credit card"
"1303","1304","508","2022-09-10T00:00:00.000","429.58","phone"
"1304","1305","628","2022-04-19T00:00:00.000","1579.03","phone"
"1305","1306","921","2023-04-13T00:00:00.000","1890.64","mail"
"1306","1307","827","2022-10-13T00:00:00.000","386.06","phone"
"1307","1308","258","2023-01-23T00:00:00.000","960.78","credit card"
"1308","1309","687","2022-12-20T00:00:00.000","704.78","phone"
"1309","1310","605","2022-05-30T00:00:00.000","362.11","debit card"
"1310","1311","950","2023-03-09T00:00:00.000","483.92","-"
"1311","1312","365","2022-04-18T00:00:00.000","810.5","-"
"1312","1313","457","2022-12-19T00:00:00.000","788.67","-"
"1313","1314","980","2022-09-17T00:00:00.000","1265.75","mail"
"1314","1315","118","2023-01-01T00:00:00.000","1424.31","phone"
"1315","1316","313","2022-10-07T00:00:00.000","989.19","-"
"1316","1317","262","2022-05-27T00:00:00.000","320.31","debit card"
"1317","1318","597","2022-05-06T00:00:00.000","389.72","phone"
"1318","1319","663","2022-10-25T00:00:00.000","992.58","-"
"1319","1320","272","2022-10-02T00:00:00.000","344.39","debit card"
"1320","1321","901","2022-05-03T00:00:00.000","3240.42","bank account"
"1321","1322","440","2022-05-08T00:00:00.000","2260.47","bank account"
"1322","1323","141","2022-12-17T00:00:00.000","1844.69","phone"
"1323","1324","415","2022-04-30T00:00:00.000","730.58","phone"
"1324","1325","983","2022-07-19T00:00:00.000","3940.61","mail"
"1325","1326","80","2022-12-30T00:00:00.000","4053.92","credit card"
"1326","1327","201","2023-01-01T00:00:00.000","1605.94","credit card"
"1327","1328","367","2023-02-17T00:00:00.000","390.53","phone"
"1328","1329","40","2022-11-17T00:00:00.000","1601.81","bank account"
"1329","1330","333","2022-10-23T00:00:00.000","575.89","credit card"
"1330","1331","314","2022-12-25T00:00:00.000","2481.94","mail"
"1331","1332","672","2022-09-09T00:00:00.000","287.89","bank account"
"1332","1333","708","2022-09-12T00:00:00.000","1365.14","debit card"
"1333","1334","133","2022-05-12T00:00:00.000","1560.78","bank account"
"1334","1335","502","2022-10-17T00:00:00.000","1142.78","phone"
"1335","1336","924","2022-11-02T00:00:00.000","1237.03","phone"
"1336","1337","56","2022-06-10T00:00:00.000","4182.42","credit card"
"1337","1338","839","2022-08-08T00:00:00.000","1751.64","mail"
"1338","1339","564","2022-06-09T00:00:00.000","1978.03","phone"
"1339","1340","118","2022-11-26T00:00:00.000","1152.31","phone"
"1340","1341","552","2022-08-18T00:00:00.000","2162.39","phone"
"1341","1342","310","2022-12-15T00:00:00.000","1190.36","phone"
"1342","1343","814","2022-05-29T00:00:00.000","283.83","bank account"
"1343","1344","13","2022-08-15T00:00:00.000","1464.42","mail"
"1344","1345","43","2023-03-11T00:00:00.000","555.89","debit card"
"1345","1346","294","2022-07-19T00:00:00.000","4024.97","debit card"
"1346","1347","786","2022-06-14T00:00:00.000","662.08","bank account"
"1347","1348","429","2022-11-21T00:00:00.000","982.53","-"
"1348","1349","40","2022-07-18T00:00:00.000","473.19","phone"
"1349","1350","641","2022-07-27T00:00:00.000","342.25","phone"
"1350","1351","79","2023-02-26T00:00:00.000","429.86","mail"
"1351","1352","442","2023-04-15T00:00:00.000","648.72","debit card"
"1352","1353","171","2022-08-03T00:00:00.000","2279.03","credit card"
"1353","1354","956","2022-05-12T00:00:00.000","2262.25","mail"
"1354","1355","346","2023-01-07T00:00:00.000","694.17","credit card"
"1355","1356","513","2023-01-12T00:00:00.000","1184.89","credit card"
"1356","1357","227","2022-12-22T00:00:00.000","2281.39","credit card"
"1357","1358","632","2022-08-19T00:00:00.000","366.67","-"
"1358","1359","751","2022-06-20T00:00:00.000","2439.22","mail"
"1359","1360","69","2022-06-02T00:00:00.000","816.86","mail"
"1360","1361","876","2022-10-23T00:00:00.000","388.56","bank account"
"1361","1362","837","2022-10-13T00:00:00.000","537.69","credit card"
"1362","1363","782","2022-08-05T00:00:00.000","1661.44","credit card"
"1363","1364","691","2022-12-08T00:00:00.000","1347.89","phone"
"1364","1365","127","2022-11-18T00:00:00.000","924.22","debit card"
"1365","1366","917","2023-01-24T00:00:00.000","1201.17","phone"
"1366","1367","453","2022-06-04T00:00:00.000","1871.06","credit card"
"1367","1368","678","2022-11-12T00:00:00.000","1075.81","credit card"
"1368","1369","961","2023-03-05T00:00:00.000","3069.64","phone"
"1369","1370","74","2022-06-21T00:00:00.000","760.36","mail"
"1370","1371","231","2023-02-25T00:00:00.000","288.58","phone"
"1371","1372","213","2022-07-28T00:00:00.000","1247.28","phone"
"1372","1373","729","2022-04-21T00:00:00.000","292.11","-"
"1373","1374","75","2022-10-19T00:00:00.000","468.22","debit card"
"1374","1375","943","2022-08-14T00:00:00.000","562.5","debit card"
"1375","1376","370","2022-06-24T00:00:00.000","2424.47","bank account"
"1376","1377","528","2022-05-09T00:00:00.000","295.56","credit card"
"1377","1378","709","2022-11-21T00:00:00.000","3174.72","phone"
"1378","1379","183","2022-10-12T00:00:00.000","1974.86","mail"
"1379","1380","110","2022-05-10T00:00:00.000","1528.81","mail"
"1380","1381","650","2023-01-14T00:00:00.000","873.33","phone"
"1381","1382","384","2023-03-13T00:00:00.000","1489.14","credit card"
"1382","1383","122","2022-10-20T00:00:00.000","1774.39","bank account"
"1383","1384","61","2022-07-25T00:00:00.000","2287.5","bank account"
"1384","1385","439","2022-07-06T00:00:00.000","2083.72","credit card"
"1385","1386","759","2022-07-24T00:00:00.000","3028.28","bank account"
"1386","1387","849","2022-05-22T00:00:00.000","2514.03","phone"
"1387","1388","885","2022-07-31T00:00:00.000","2641.83","mail"
"1388","1389","861","2023-03-23T00:00:00.000","1232.11","debit card"
"1389","1390","170","2022-09-05T00:00:00.000","4826.22","phone"
"1390","1391","707","2022-09-23T00:00:00.000","2795.78","credit card"
"1391","1392","224","2022-05-29T00:00:00.000","2196.14","credit card"
"1392","1393","625","2023-01-11T00:00:00.000","3450.67","phone"
"1393","1394","271","2022-10-22T00:00:00.000","735.97","credit card"
"1394","1395","472","2022-06-20T00:00:00.000","950.33","-"
"1395","1396","321","2022-06-04T00:00:00.000","3862.44","credit card"
"1396","1397","414","2022-06-05T00:00:00.000","2181.86","debit card"
"1397","1398","404","2022-12-17T00:00:00.000","2418.53","debit card"
"1398","1399","107","2022-11-14T00:00:00.000","1507.22","bank account"
"1399","1400","300","2022-09-06T00:00:00.000","2136.78","credit card"
"1400","1401","423","2023-01-16T00:00:00.000","2492.19","bank account"
"1401","1402","982","2022-07-14T00:00:00.000","4106.36","credit card"
"1402","1403","367","2022-10-03T00:00:00.000","1341.03","credit card"
"1403","1404","750","2022-10-04T00:00:00.000","615.64","debit card"
"1404","1405","935","2022-08-20T00:00:00.000","555.89","credit card"
"1405","1406","954","2022-08-15T00:00:00.000","1699.97","mail"
"1406","1407","125","2022-10-15T00:00:00.000","890.25","credit card"
"1407","1408","494","2023-01-23T00:00:00.000","813.14","debit card"
"1408","1409","563","2022-04-16T00:00:00.000","595.5","-"
"1409","1410","900","2022-06-22T00:00:00.000","1066.86","bank account"
"1410","1411","310","2022-07-19T00:00:00.000","281.89","credit card"
"1411","1412","311","2022-09-19T00:00:00.000","967.83","bank account"
"1412","1413","776","2023-02-04T00:00:00.000","677.44","mail"
"1413","1414","112","2023-01-29T00:00:00.000","404.36","-"
"1414","1415","701","2023-03-28T00:00:00.000","2836.61","bank account"
"1415","1416","389","2023-01-27T00:00:00.000","2306.39","phone"
"1416","1417","817","2022-08-04T00:00:00.000","4309.06","mail"
"1417","1418","338","2022-06-07T00:00:00.000","2436.94","mail"
"1418","1419","992","2022-08-08T00:00:00.000","739.56","debit card"
"1419","1420","929","2022-05-20T00:00:00.000","2548.28","debit card"
"1420","1421","888","2022-04-19T00:00:00.000","1149.03","debit card"
"1421","1422","974","2023-01-27T00:00:00.000","1066.19","debit card"
"1422","1423","727","2022-09-01T00:00:00.000","3517.22","credit card"
"1423","1424","479","2022-09-09T00:00:00.000","3152.06","credit card"
"1424","1425","897","2022-11-11T00:00:00.000","392.56","-"
"1425","1426","389","2022-07-27T00:00:00.000","1882.17","phone"
"1426","1427","407","2023-02-13T00:00:00.000","429.36","-"
"1427","1428","744","2022-06-27T00:00:00.000","2994.47","mail"
"1428","1429","612","2022-09-12T00:00:00.000","944.19","mail"
"1429","1430","82","2023-01-05T00:00:00.000","1062.75","mail"
"1430","1431","684","2022-12-09T00:00:00.000","1676.94","mail"
"1431","1432","409","2023-03-06T00:00:00.000","2982.19","debit card"
"1432","1433","261","2023-03-17T00:00:00.000","430.97","credit card"
"1433","1434","998","2022-05-15T00:00:00.000","515.33","mail"
"1434","1435","200","2022-06-14T00:00:00.000","4022.14","mail"
"1435","1436","120","2022-08-23T00:00:00.000","1303.53","credit card"
"1436","1437","626","2023-01-26T00:00:00.000","4087.33","mail"
"1437","1438","431","2022-08-18T00:00:00.000","968.61","debit card"
"1438","1439","513","2022-07-09T00:00:00.000","1055.19","credit card"
"1439","1440","951","2023-02-16T00:00:00.000","989.42","mail"
"1440","1441","612","2022-09-05T00:00:00.000","800.92","-"
"1441","1442","127","2022-11-29T00:00:00.000","421.72","credit card"
"1442","1443","473","2022-08-17T00:00:00.000","1816","mail"
"1443","1444","749","2022-04-26T00:00:00.000","407.22","debit card"
"1444","1445","431","2022-12-17T00:00:00.000","2147.61","phone"
"1445","1446","768","2023-04-04T00:00:00.000","1088.64","bank account"
"1446","1447","139","2022-06-23T00:00:00.000","411.14","phone"
"1447","1448","296","2022-08-13T00:00:00.000","949.78","phone"
"1448","1449","850","2022-06-10T00:00:00.000","823.81","-"
"1449","1450","471","2022-06-01T00:00:00.000","1398.42","credit card"
"1450","1451","459","2022-05-23T00:00:00.000","932.83","mail"
"1451","1452","759","2022-09-17T00:00:00.000","625.64","phone"
"1452","1453","636","2022-08-12T00:00:00.000","474.39","phone"
"1453","1454","100","2023-02-09T00:00:00.000","740.67","-"
"1454","1455","767","2022-09-06T00:00:00.000","3205.25","phone"
"1455","1456","119","2022-10-29T00:00:00.000","3171.56","phone"
"1456","1457","269","2022-09-21T00:00:00.000","798.33","phone"
"1457","1458","931","2023-03-03T00:00:00.000","297.19","bank account"
"1458","1459","434","2023-02-09T00:00:00.000","341.06","mail"
"1459","1460","630","2022-04-26T00:00:00.000","493.22","mail"
"1460","1461","182","2023-03-12T00:00:00.000","781.56","-"
"1461","1462","792","2022-08-24T00:00:00.000","549.33","mail"
"1462","1463","122","2022-10-19T00:00:00.000","4543.92","-"
"1463","1464","71","2023-02-08T00:00:00.000","1003.78","bank account"
"1464","1465","496","2023-03-19T00:00:00.000","2185.39","mail"
"1465","1466","491","2022-09-03T00:00:00.000","1431.75","mail"
"1466","1467","886","2023-03-05T00:00:00.000","1919.69","credit card"
"1467","1468","360","2022-05-15T00:00:00.000","284.06","bank account"
"1468","1469","978","2022-12-29T00:00:00.000","529.61","mail"
"1469","1470","26","2023-04-11T00:00:00.000","740.28","-"
"1470","1471","309","2022-09-22T00:00:00.000","587.42","bank account"
"1471","1472","603","2022-06-11T00:00:00.000","1282.86","credit card"
"1472","1473","35","2022-09-28T00:00:00.000","310.75","-"
"1473","1474","785","2022-12-24T00:00:00.000","2272.36","mail"
"1474","1475","497","2022-12-20T00:00:00.000","1553.39","bank account"
"1475","1476","758","2023-02-15T00:00:00.000","921","debit card"
"1476","1477","886","2022-06-20T00:00:00.000","2146.72","phone"
"1477","1478","532","2022-05-06T00:00:00.000","1330.97","mail"
"1478","1479","182","2022-05-02T00:00:00.000","4002","bank account"
"1479","1480","125","2022-10-30T00:00:00.000","319.06","bank account"
"1480","1481","403","2022-12-20T00:00:00.000","1083.11","bank account"
"1481","1482","682","2023-04-08T00:00:00.000","2444.89","mail"
"1482","1483","562","2022-04-19T00:00:00.000","441.11","-"
"1483","1484","471","2023-01-27T00:00:00.000","2979.17","mail"
"1484","1485","249","2022-10-06T00:00:00.000","2441.42","debit card"
"1485","1486","878","2023-03-02T00:00:00.000","533.56","phone"
"1486","1487","776","2022-09-02T00:00:00.000","1472.06","credit card"
"1487","1488","153","2022-09-08T00:00:00.000","889.31","mail"
"1488","1489","105","2022-07-28T00:00:00.000","799.56","mail"
"1489","1490","701","2022-05-18T00:00:00.000","839.22","phone"
"1490","1491","465","2022-06-29T00:00:00.000","2416.81","bank account"
"1491","1492","162","2022-11-05T00:00:00.000","646.22","bank account"
"1492","1493","734","2023-03-27T00:00:00.000","558.33","credit card"
"1493","1494","347","2022-07-13T00:00:00.000","1119.28","debit card"
"1494","1495","803","2022-09-11T00:00:00.000","2790","credit card"
"1495","1496","192","2023-02-11T00:00:00.000","2506.47","debit card"
"1496","1497","999","2022-11-21T00:00:00.000","1324.61","bank account"
"1497","1498","966","2023-01-26T00:00:00.000","1375.81","debit card"
"1498","1499","20","2023-03-30T00:00:00.000","1231.25","debit card"
"1499","1500","560","2022-04-21T00:00:00.000","361.11","-"